word,emotion
算盤,trust
放棄,fear
放棄,sadness
棄,anger
棄,fear
棄,sadness
放棄,anger
放棄,surprise
方丈,trust
綁架,fear
綁架,sadness
綁架,surprise
像差,disgust
痛恨,anger
痛恨,disgust
痛恨,fear
可惡,anger
可惡,disgust
可惡,fear
卑劣,disgust
不正常,disgust
廢除,anger
厭惡,anger
厭惡,disgust
厭惡,fear
流產,disgust
流產,fear
流產,sadness
未遂,sadness
突兀,surprise
膿腫,sadness
缺席,fear
缺席,sadness
缺席者,sadness
赦免,joy
赦免,trust
豐富,anticipation
豐富,disgust
豐富,joy
豐富,trust
濫用,anger
濫用,disgust
濫用,fear
濫用,sadness
深,sadness
深淵,fear
深淵,sadness
學術的,trust
加速,anticipation
事故,fear
事故,sadness
事故,surprise
偶然,fear
偶然,surprise
榮譽,anticipation
榮譽,joy
榮譽,surprise
榮譽,trust
伴奏,anticipation
伴奏,joy
伴奏,trust
完成,joy
符合,trust
帳戶,trust
問責,trust
會計,trust
賬戶,trust
認可,trust
準確,trust
詛咒,anger
詛咒,fear
詛咒,sadness
指控,anger
指控,disgust
被告,anger
被告,fear
原告,anger
原告,fear
指責,anger
指責,fear
疼痛,sadness
實現,joy
實現,trust
成就,anticipation
成就,joy
成就,trust
收購,anticipation
雜技演員,fear
雜技演員,joy
雜技演員,trust
訴,anger
訴,disgust
加法器,anger
加法器,disgust
加法器,fear
加法器,sadness
地址,anticipation
秉承,trust
裁定,fear
行政的,trust
令人欽佩,joy
令人欽佩,trust
上將,trust
欽佩,joy
欽佩,trust
欣賞,trust
受理,trust
警告,fear
可愛的,joy
崇拜,joy
崇拜,trust
崇拜,anticipation
漂浮,anticipation
漂浮,fear
漂浮,sadness
通姦,disgust
通姦,sadness
提前,anticipation
提前,fear
提前,joy
提前,surprise
來臨,anticipation
來臨,joy
來臨,trust
冒險,anticipation
對手,anger
不利的,anger
不利的,disgust
不利的,fear
不利的,sadness
逆境,anger
逆境,fear
逆境,sadness
忠告,trust
可取,trust
勸告,trust
建議,trust
顧問,trust
擁護,anger
擁護,anticipation
擁護,joy
擁護,trust
主張,trust
美學,joy
感情,joy
感情,trust
確認,trust
肯定地,trust
折磨,fear
折磨,sadness
痛苦,disgust
痛苦,fear
痛苦,sadness
富裕,joy
冒犯,anger
冒犯,disgust
冒犯,fear
冒犯,sadness
冒犯,surprise
害怕,fear
後果,anger
後果,disgust
後果,fear
後果,sadness
加重,anger
惱人的,anger
惱人的,sadness
加重,disgust
侵略,anger
侵略,fear
侵略性,anger
侵略性,fear
侵略者,anger
侵略者,fear
駭然,disgust
駭然,fear
駭然,surprise
激動,anger
攪動,anger
折騰,fear
痛苦,anger
合適的,trust
同意,trust
協議,trust
AIL,sadness
生病,fear
生病,sadness
飛機場,anticipation
擺架子,disgust
類似的,trust
報警,fear
報警,surprise
驚人,fear
驚人,surprise
酗酒,anger
酗酒,disgust
酗酒,fear
酗酒,sadness
警覺,anticipation
警覺,fear
警覺,surprise
警報,anticipation
警報,fear
警報,surprise
外僑,disgust
外僑,fear
離間,anger
離間,disgust
疏遠,sadness
異化,anger
異化,disgust
異化,fear
異化,sadness
活,anticipation
活,joy
活,trust
斷言,anger
忠誠,trust
聯盟,trust
聯盟的,trust
引誘,anticipation
引誘,joy
引誘,surprise
盟友,trust
阿羅哈,anticipation
阿羅哈,joy
爭吵,anger
驚奇,surprise
令人驚訝,joy
令人驚訝,surprise
大使,trust
志向,anticipation
志向,joy
志向,trust
救護車,fear
救護車,trust
伏擊,anger
伏擊,fear
伏擊,surprise
阿門,joy
阿門,trust
和睦,joy
氨,disgust
大赦,joy
折舊,trust
安非他明,disgust
遊玩,joy
樂,joy
娛樂,joy
有趣,joy
森蚺,disgust
森蚺,fear
分析人士,anticipation
分析人士,trust
無政府主義,anger
無政府主義,fear
無政府主義者,anger
無政府主義者,fear
無政府狀態,anger
無政府狀態,fear
詛咒,disgust
祖,trust
錨地,sadness
天使,anticipation
天使,joy
天使,surprise
天使,trust
憤怒,anger
心絞痛,fear
釣魚,anticipation
憤怒,disgust
動畫,joy
敵意,anger
敵意,disgust
敵意,fear
敵意,sadness
阿尼姆斯,anger
殲滅,anger
殲滅,fear
全軍覆沒,anger
全軍覆沒,fear
全軍覆沒,sadness
殲滅,sadness
公告,anticipation
攪擾,anger
攪擾,disgust
煩惱,anger
煩惱,disgust
廢除,sadness
不規則,fear
不規則,surprise
可回答的,trust
對抗,anger
對抗性的,anger
對抗性的,disgust
炭疽病,disgust
炭疽病,fear
炭疽病,sadness
敵基督,anger
敵基督,disgust
敵基督,fear
預期,anticipation
預料的,anticipation
解藥,anticipation
解藥,trust
抗真菌,trust
反感,anger
反感,disgust
防腐劑,trust
反社會的,anger
反社會的,disgust
反社會的,fear
反社會的,sadness
對立,anger
焦慮,anger
焦慮,anticipation
焦慮,fear
焦慮,sadness
急,anticipation
急,fear
阿帕奇,fear
麻木不仁,sadness
暮氣,sadness
蚜,disgust
歉然,trust
道歉,sadness
道歉,trust
使徒,trust
使徒的,trust
駭人聽聞的,disgust
駭人聽聞的,fear
幻影,fear
幻影,surprise
上訴,anticipation
闌尾炎,fear
闌尾炎,sadness
掌聲,joy
掌聲,surprise
掌聲,trust
申請人,anticipation
升值,joy
升值,trust
拘押,fear
顧慮,fear
憂慮,anticipation
憂慮,fear
學徒,trust
接近,anticipation
讚許,trust
批准,joy
批准,trust
仲裁者,trust
仲裁,anticipation
仲裁人,trust
考古學,anticipation
建築,trust
熱心,anticipation
熱心,joy
爭論,anger
論據,anger
論證,anger
參數,anger
乾旱,sadness
武器,anger
武器,fear
軍備,fear
武裝,anger
武裝,fear
盔甲,fear
盔甲,trust
裝甲,fear
軍械庫,trust
引起,anticipation
提審,anger
提審,fear
提審,sadness
到達,anticipation
傲慢,anger
傲慢,disgust
砷,disgust
砷,fear
砷,sadness
縱火,anger
縱火,fear
藝術,anticipation
藝術,joy
藝術,sadness
藝術,surprise
砲兵,fear
羞愧,disgust
羞愧,sadness
灰燼,sadness
ASP,fear
心願,anticipation
心願,joy
心願,surprise
心願,trust
立志,anticipation
立志,joy
有志,anticipation
有志,joy
有志,trust
攻擊,anger
攻擊,fear
攻擊,surprise
攻擊者,anger
攻擊者,fear
攻擊者,sadness
刺客,anger
刺客,fear
刺客,sadness
暗殺,anger
暗殺,fear
暗殺,sadness
突擊,anger
突擊,fear
部件,trust
斷言,trust
評定,surprise
評定,trust
估稅員,trust
混蛋,anger
混蛋,disgust
代理人,trust
助攻,trust
關聯,trust
協會,trust
保證,trust
無疑,trust
驚愕,joy
驚愕,surprise
走錯,fear
占星家,anticipation
天文學家,anticipation
避難所,fear
不對稱,disgust
動脈粥樣硬化,fear
動脈粥樣硬化,sadness
贖罪,anticipation
贖罪,joy
贖罪,trust
窮凶極惡,anger
窮凶極惡,disgust
暴行,anger
暴行,disgust
暴行,fear
暴行,sadness
痿,disgust
痿,fear
痿,sadness
進攻,anger
進攻,disgust
進攻,fear
進攻,sadness
進攻,surprise
可實現,anticipation
嘗試,anticipation
勤,anticipation
服務員,trust
細心,trust
衰減,sadness
表明,trust
認證,trust
律師,anger
律師,fear
律師,trust
拍賣,anticipation
聽眾,anticipation
核數師,fear
核數師,trust
姑媽,trust
吉祥,anticipation
吉祥,joy
簡樸的,fear
簡樸的,sadness
真實,joy
真實,trust
真偽,trust
作者,trust
權威性,trust
權威,trust
授權,trust
自動,trust
屍檢,disgust
屍檢,fear
屍檢,sadness
雪崩,fear
雪崩,sadness
雪崩,surprise
貪婪,anger
貪婪,disgust
復仇者,anger
規避,anger
規避,disgust
規避,fear
避免,fear
躲避,fear
等待,anticipation
獎,anticipation
獎,joy
獎,surprise
獎,trust
可怕,anger
可怕,disgust
可怕,fear
可怕,sadness
重倉股,disgust
公理,trust
不言自明的,trust
狒狒,disgust
寶寶,joy
保姆,trust
骨幹,anger
骨幹,trust
靠山,trust
向後,disgust
回水,sadness
菌,disgust
菌,fear
菌,sadness
壞,anger
壞,disgust
壞,fear
壞,sadness
徽章,trust
獾,anger
慘,sadness
惡,anger
惡,disgust
惡,fear
法警,fear
法警,trust
餌,fear
餌,trust
包,fear
選票,anticipation
選票,trust
香脂,anticipation
香脂,joy
誅戮,anger
誅戮,disgust
誅戮,fear
砰,anger
砰,disgust
砰,fear
砰,sadness
砰,surprise
香腸,anger
香腸,anticipation
香腸,fear
香腸,surprise
放逐,anger
放逐,disgust
放逐,fear
放逐,sadness
流放,anger
流放,disgust
流放,sadness
銀行,trust
銀行家,trust
破產者,fear
破產者,sadness
破產,anger
破產,disgust
破產,fear
破產,sadness
宴會,anticipation
宴會,joy
女妖,anger
女妖,disgust
女妖,fear
女妖,sadness
洗禮,joy
倒鉤,anger
野蠻人,fear
野蠻,anger
野蠻,disgust
野蠻,fear
BARF,disgust
討價還價,trust
吠,anger
荒蕪,sadness
壅,fear
屏障,anger
獨輪車,disgust
酒保,trust
物物交換,trust
基礎,trust
籃球,anticipation
籃球,joy
混蛋,sadness
堡壘,anger
營,anger
麵糊,anger
麵糊,fear
受虐,fear
受虐,sadness
電池,anger
戰鬥,anger
作戰,anger
作戰,fear
作戰,sadness
戰場,fear
刺刀,anger
刺刀,fear
海灘,joy
光束,joy
聚束,anticipation
聚束,joy
熊,anger
熊,fear
看空,anger
看空,fear
獸,anger
獸,fear
獸,disgust
跳動,anger
跳動,fear
跳動,sadness
美化,joy
美化,trust
美麗,joy
美女,joy
基岩,trust
蜜蜂,anger
蜜蜂,fear
啤酒,joy
幫扶,joy
幫扶,trust
求,sadness
乞丐,sadness
開始,anticipation
河馬,fear
相信,trust
信徒,trust
貶低,anger
貶低,disgust
貶低,fear
貶低,sadness
交戰的,anger
交戰的,fear
風箱,anger
帶,anger
帶,fear
恩人,trust
仁,joy
仁,trust
良性,joy
遺贈,trust
失去親人,sadness
喪親之痛,sadness
發狂的,anger
背叛,anger
背叛,disgust
背叛,sadness
背叛,surprise
辜負,anger
辜負,disgust
辜負,sadness
許配,anticipation
許配,joy
許配,trust
謹防,anticipation
謹防,fear
不知所措,fear
不知所措,surprise
困惑,fear
困惑,surprise
偏壓,anger
爭吵,disgust
兩年一次,anticipation
獨斷論者,anger
獨斷論者,disgust
獨斷論者,fear
拘泥,anger
拘泥,disgust
拘泥,fear
拘泥,sadness
膽汁,anger
膽汁,disgust
活檢,fear
樺木,anger
樺木,disgust
樺木,fear
分娩,anticipation
分娩,fear
分娩,joy
分娩,trust
生日,anticipation
生日,joy
生日,surprise
出生地,anger
婊子,anger
婊子,disgust
婊子,fear
婊子,sadness
痛,anger
痛,disgust
痛,sadness
苦味,anger
苦味,disgust
苦味,sadness
奇異的,surprise
勒索,anger
勒索,fear
黑,fear
黑,sadness
怪,anger
怪,disgust
毯,trust
褻瀆神明,anger
褻瀆神明,disgust
褻瀆的話,anger
爆破,anger
爆破,fear
爆破,surprise
明顯的,anger
明顯的,disgust
火焰,anger
蒼涼,sadness
流血的,disgust
流血的,fear
流血的,sadness
缺陷,anger
缺陷,disgust
缺陷,fear
缺陷,sadness
保佑,anticipation
保佑,joy
保佑,trust
幸福,joy
祝福,anticipation
祝福,joy
祝福,trust
祝福,surprise
枯萎病,disgust
枯萎病,fear
枯萎病,sadness
秕,disgust
秕,sadness
盲目的,anticipation
盲目的,fear
盲目的,surprise
盲目地,sadness
失明,sadness
福,joy
起泡,disgust
閃電戰,surprise
脹,disgust
BLOB,disgust
BLOB,fear
封鎖,anger
封鎖,fear
封鎖,sadness
流血,anger
流血,disgust
流血,fear
流血,sadness
流血,surprise
嗜血,anger
嗜血,disgust
嗜血,fear
血腥,anger
血腥,disgust
血腥,fear
血腥,sadness
盛開,anticipation
盛開,joy
盛開,trust
開花,joy
藍色,sadness
藍調,fear
藍調,sadness
錯誤,disgust
錯誤,sadness
板,anticipation
保鏢,trust
虛假,anger
虛假,disgust
熬,disgust
哄然,anger
哄然,anticipation
哄然,joy
炸彈,anger
炸彈,fear
炸彈,sadness
炸彈,surprise
轟擊,anger
轟擊,fear
轟炸,disgust
轟炸機,fear
轟炸機,sadness
富礦帶,joy
束縛,fear
束縛,sadness
獎金,anticipation
獎金,joy
獎金,surprise
自食其果,anticipation
自食其果,trust
無聊,sadness
困擾,anger
困擾,sadness
底部,sadness
萬丈,fear
賞金,anticipation
賞金,joy
賞金,trust
花束,joy
花束,trust
回合,anger
牛,disgust
腸子,disgust
拳擊,anger
麩,disgust
爭吵,fear
厚顏無恥,anger
打破,surprise
受賄,disgust
新娘,anticipation
新娘,joy
新娘,trust
新郎,anticipation
新郎,joy
新郎,trust
伴娘,joy
伴娘,trust
旅,fear
變亮,joy
變亮,surprise
變亮,trust
輝煌,anticipation
輝煌,joy
輝煌,trust
硫磺,anger
硫磺,fear
寬邊,anticipation
烤,anger
打破,fear
打破,sadness
破碎,anger
破碎,fear
破碎,sadness
妓院,disgust
哥哥,trust
手足情誼,trust
兄弟的,anticipation
兄弟的,joy
兄弟的,trust
挫傷,anticipation
首當其衝,anger
殘酷,anger
殘酷,fear
畜生,anger
畜生,fear
畜生,sadness
降壓,fear
降壓,surprise
夥伴,anticipation
夥伴,joy
夥伴,trust
預算,trust
自助餐,anger
竊聽器,disgust
竊聽器,fear
號角,anticipation
欺負,anger
欺負,fear
屁股,disgust
屁股,sadness
長號,anger
長號,disgust
掩體,fear
繁重,fear
繁重,sadness
官僚,trust
僚,disgust
竊賊,disgust
竊賊,fear
葬禮,anger
葬禮,fear
葬禮,sadness
隱藏,fear
隱藏,sadness
伯克,anger
伯克,disgust
伯克,fear
伯克,sadness
滑稽戲,surprise
焦,disgust
金庫,trust
埋葬,sadness
巴斯,joy
破獲,anger
破獲,fear
屠夫,anger
屠夫,disgust
屠夫,fear
男管家,trust
蜂鳴器,anticipation
蜂鳴器,fear
再見,anticipation
條例,trust
陰謀,fear
內閣,trust
電纜,surprise
雜音,anger
雜音,disgust
CAD,anger
CAD,disgust
屍體,disgust
屍體,fear
屍體,sadness
屍體,surprise
籠,sadness
災害,sadness
計算,anticipation
計算器,trust
小牛,joy
小牛,trust
電話,anticipation
電話,trust
偽裝,surprise
競選,anger
競選,fear
取消,sadness
癌症,anger
癌症,disgust
癌症,fear
癌症,sadness
坦率,anticipation
坦率,joy
坦率,surprise
坦率,trust
甘蔗,anger
甘蔗,fear
潰瘍,anger
潰瘍,disgust
食人族,disgust
食人族,fear
自相殘殺,disgust
大砲,trust
帽,anticipation
帽,trust
著迷,anticipation
著迷,joy
著迷,surprise
著迷,trust
俘虜,fear
俘虜,sadness
囚禁,sadness
捕捉者,fear
胴體,disgust
胴體,fear
胴體,sadness
癌,fear
癌,sadness
心肌病,fear
心肌病,sadness
事業,anticipation
疏忽,anger
疏忽,disgust
管理人,trust
齲齒,disgust
大屠殺,anger
大屠殺,disgust
大屠殺,fear
大屠殺,sadness
大屠殺,surprise
肉食,fear
頌歌,joy
頌歌,trust
盒式磁帶,fear
案件,fear
案件,sadness
現金,anger
現金,anticipation
現金,fear
現金,joy
現金,trust
出納員,trust
棺材,fear
棺材,sadness
受害者,anger
受害者,fear
受害者,sadness
白內障,anticipation
白內障,fear
白內障,sadness
災難,anger
災難,disgust
災難,fear
災難,sadness
災難,surprise
抓住,surprise
教義問答,disgust
大教堂,joy
大教堂,trust
警告,anger
警告,anticipation
警示,fear
謹慎,anticipation
謹慎,fear
謹慎,trust
著名,anticipation
著名,joy
慶祝,anticipation
慶祝,joy
慶典,anticipation
慶典,joy
慶典,surprise
慶典,trust
名人,anger
名人,anticipation
名人,disgust
名人,joy
名人,surprise
名人,trust
天上,anticipation
天上,joy
水泥,anticipation
水泥,trust
公墓,fear
公墓,sadness
審查,anger
審查,disgust
審查,fear
審查,trust
中央,trust
儀式,joy
儀式,surprise
證明,trust
塞斯,disgust
糠,anger
糠,fear
懊惱,disgust
懊惱,sadness
主席,trust
女主席,trust
挑戰,anger
挑戰,fear
冠軍,anticipation
冠軍,joy
冠軍,trust
機會,surprise
校長,trust
更改,fear
多變,anticipation
多變,surprise
唄,anger
唄,anticipation
唄,joy
唄,surprise
混沌,anger
混沌,fear
混沌,sadness
混亂的,anger
牧師,trust
收費,fear
收費,sadness
慈善,anticipation
慈善,joy
慈善,trust
慈善機構,joy
迷住了,joy
圖表,trust
裂口,fear
貞潔,anticipation
貞潔,trust
作弊,anger
作弊,disgust
清單,trust
歡呼,anticipation
歡呼,joy
歡呼,surprise
歡呼,trust
快樂,joy
快樂,surprise
快樂,anticipation
快樂,trust
化學家,trust
珍視,anticipation
珍視,joy
珍視,surprise
珍視,trust
強辯,anticipation
強辯,surprise
強辯,trust
雞,fear
兒童,anticipation
兒童,joy
童年,joy
嵌合體,fear
嵌合體,surprise
嘰嘰喳喳,joy
巧克力,anticipation
巧克力,joy
巧克力,trust
唱詩班,joy
唱詩班,trust
嗆,anger
嗆,sadness
霍亂,disgust
霍亂,fear
霍亂,sadness
合唱隊的,joy
慢性,sadness
編年史,trust
暗笑,anticipation
暗笑,joy
暗笑,surprise
暗笑,trust
教會,anticipation
教會,joy
教會,trust
文明,trust
文明,joy
索賠,anger
索賠,disgust
叫囂,anger
叫囂,anticipation
叫囂,disgust
叫囂,surprise
氏族,trust
拍,anticipation
拍,joy
拍,trust
衝突,anger
衝突,fear
經,joy
爪,anger
爪,fear
清潔,joy
清潔,trust
淨空,trust
劈開,fear
懸崖,fear
高潮,anticipation
高潮,joy
高潮,surprise
高潮,trust
時鐘,anticipation
親近,joy
親近,trust
關閉,anticipation
關閉,joy
關閉,sadness
烏雲密布,sadness
雲量,fear
多雲的,sadness
小丑,anticipation
小丑,joy
小丑,surprise
線索,anticipation
笨拙,disgust
教練,trust
合併,trust
哄,trust
眼鏡蛇,fear
可卡因,sadness
脅迫,anger
脅迫,disgust
脅迫,fear
強迫,anger
強迫,disgust
強迫,fear
強迫,sadness
共存,trust
切實,trust
凝聚,trust
凝聚力,trust
巧合,surprise
寒冷,anger
寒冷,disgust
寒冷,fear
寒冷,sadness
合作者,trust
坍方,disgust
坍方,fear
坍方,sadness
抵押,trust
統,trust
碰撞,anger
共謀,anger
共謀,disgust
共謀,fear
共謀,sadness
陸軍上校,trust
昏迷,fear
昏迷,sadness
昏睡的,fear
昏睡的,sadness
戰鬥,fear
好鬥,anger
好鬥,fear
安慰,anticipation
安慰,joy
安慰,trust
未來,anticipation
司令官,trust
司令,trust
紀念,anticipation
紀念,joy
紀念,sadness
紀念活動,anticipation
紀念活動,joy
值得稱道,joy
值得稱道,trust
商業,trust
佣金,trust
拘押,sadness
提交,trust
委員會,trust
準將,trust
平凡,anticipation
平凡,trust
聯邦,trust
騷動,anger
通信,trust
通訊,trust
交往,joy
交往,trust
共產主義,anger
共產主義,fear
共產主義,sadness
緊湊,trust
伴侶,joy
伴侶,trust
羅盤,trust
同情,fear
補償,anticipation
補償,joy
補償,surprise
補償,trust
權限,trust
能力,trust
勝任,trust
競爭,anticipation
抱怨,anger
抱怨,sadness
補充,anticipation
補充,joy
補充,surprise
補充,trust
完成,anticipation
合規,trust
複雜,anger
堆肥,disgust
壓縮,anger
審計長,trust
義務,anger
同志,trust
暗,anticipation
暗,fear
暗,surprise
隱蔽,anger
隱蔽,anticipation
隱蔽,fear
關心,fear
關心,sadness
調解,joy
調解,trust
和睦,trust
和諧,trust
震動,anger
震動,sadness
譴責,anger
非難,anger
非難,anticipation
非難,disgust
非難,fear
非難,sadness
屈尊,anger
屈尊,disgust
屈尊,sadness
慰問,sadness
幫兇,trust
承認,trust
自白書,anticipation
自白書,fear
自白書,sadness
自白書,surprise
自白,fear
自白,trust
信任,trust
置信度,fear
置信度,joy
置信度,trust
信心,joy
信心,trust
機密,trust
局限,anger
局限,fear
局限,sadness
受限,anger
受限,disgust
受限,fear
受限,sadness
坐月子,anger
坐月子,fear
坐月子,sadness
沒收,anger
沒收,sadness
燹,anger
燹,fear
衝突,sadness
一致性,trust
面對,anger
混亂,anger
混亂,fear
集團,trust
祝賀,joy
集合,trust
國會,disgust
國會,trust
眾議員,trust
一致,trust
推測,anticipation
變戲法,anticipation
變戲法,surprise
結締組織,trust
行家,joy
行家,trust
征服,anger
征服,fear
良心,trust
有良心,trust
奉獻,anticipation
奉獻,joy
奉獻,sadness
奉獻,trust
結果,anticipation
保護,anticipation
保護,trust
周到,trust
安慰,sadness
配偶,trust
同謀,anger
同謀,anticipation
同謀,disgust
同謀,fear
合謀,fear
警官,trust
恆常,trust
不變,trust
經常,trust
驚愕,anger
驚愕,fear
便秘,disgust
構成,trust
壓抑,fear
約束,anger
約束,fear
約束,sadness
領事,trust
請教,trust
傳染性,anticipation
傳染性,disgust
傳染性,fear
傳染性的,disgust
傳染性的,fear
污染,disgust
污染,fear
污染,sadness
鄙視,anger
鄙視,disgust
鄙視,fear
可鄙,anger
可鄙,disgust
輕視,anger
內容,joy
內容,trust
爭議,anger
爭議,disgust
爭議,fear
隊伍,anticipation
延續,anticipation
繼續,anticipation
繼續,trust
禁品,anger
禁品,disgust
禁品,fear
頂撞,anger
貢獻者,trust
爭論的,anger
修道院,trust
收斂,anticipation
樓宇買賣,trust
定罪,anger
定罪,disgust
定罪,fear
定罪,sadness
說服,anticipation
說服,trust
使人信服,trust
雞舍,anger
雞舍,disgust
合作,trust
合作社,trust
警察,fear
警察,trust
山寨,anger
山寨,disgust
加冕,joy
加冕,trust
公司,trust
正確性,trust
對應,anticipation
證實,trust
佐證,trust
腐蝕性的,fear
腐敗,anger
腐敗,disgust
腐敗,fear
腐敗,sadness
大都會,trust
長椅,sadness
咳嗽,disgust
評議會,anticipation
評議會,trust
法律顧問,trust
顧問,anger
顧問,fear
計數,trust
倒數,anticipation
農村人,trust
縣,trust
政變,anger
政變,surprise
勇敢,fear
信使,trust
法庭,anger
法庭,anticipation
法庭,fear
求愛,anticipation
求愛,joy
求愛,trust
拱,anticipation
拱,disgust
拱,fear
拱,joy
盟約,trust
蓋,trust
懦夫,disgust
懦夫,fear
懦夫,sadness
怯懦,fear
膽小,fear
怕羞,fear
郊狼,fear
倔,anger
破解,anger
破解,fear
搖籃,anticipation
搖籃,joy
搖籃,trust
抽筋,anticipation
胡思亂想的,anger
擲骰子,disgust
擲骰子,anticipation
緊急,fear
緊急,sadness
緊急,surprise
渴望,anticipation
癮,anticipation
爬行,disgust
瘋狂,anger
瘋狂,fear
瘋,anger
瘋,fear
瘋,sadness
奶油,anticipation
奶油,joy
奶油,surprise
創建,joy
生物,disgust
生物,fear
憑據,trust
可信性,trust
可信的,trust
信用,trust
爬行,anticipation
火葬,sadness
漸強,anticipation
漸強,joy
漸強,surprise
漸強,trust
船員,trust
犯罪,anger
刑事,anger
刑事,disgust
刑事,fear
犯罪,disgust
犯罪,fear
低三下四,disgust
低三下四,fear
低三下四,sadness
削弱,fear
削弱,sadness
跛,sadness
脆,trust
批評,anger
批評,sadness
批評,disgust
批評,fear
小動物,disgust
鱷魚,fear
交叉,anger
交叉,fear
交叉,sadness
蹲伏,fear
加冕,anticipation
加冕,surprise
關鍵,trust
受難,anger
受難,disgust
受難,fear
受難,sadness
原油,disgust
殘忍,anger
殘忍,disgust
殘忍,fear
殘忍,sadness
殘酷,disgust
殘酷,sadness
搖搖欲墜,sadness
緊縮,anger
運動,anger
運動,fear
碎,anger
碎,disgust
碎,fear
碎,sadness
破碎,disgust
硬皮,disgust
哭,sadness
哭了,sadness
隱窩,fear
隱窩,sadness
立方體,trust
烏龜,disgust
偎,joy
偎,trust
球桿,anticipation
烹飪,trust
禮拜,fear
培育,anticipation
培育,trust
笨重,sadness
拔罐,disgust
拔罐,fear
拔罐,sadness
CUR,anger
CUR,disgust
CUR,fear
固化,trust
好奇心,anticipation
好奇心,surprise
咒罵,anger
咒罵,disgust
倔強,anger
保管人,trust
保管,trust
切割機,fear
殺手,anger
殺手,fear
切割,anger
切割,disgust
切割,fear
切割,sadness
氰化物,fear
氣旋,fear
氣旋,surprise
囊腫,fear
囊腫,sadness
囊性,disgust
巨細胞病毒,sadness
涉足,anger
涉足,disgust
守護進程,anger
守護進程,disgust
守護進程,fear
守護進程,sadness
守護進程,surprise
愚蠢的,disgust
匕首,fear
日常,anticipation
損傷,anger
損傷,disgust
損傷,sadness
賠償,sadness
貴婦人,anger
貴婦人,disgust
貴婦人,trust
該死的,anger
該死的,disgust
舞蹈,joy
舞蹈,trust
花花公子,disgust
危險,fear
危險,sadness
敢,anticipation
敢,trust
黑暗,sadness
變暗,fear
變暗,sadness
黑暗,fear
黑暗,anger
寵兒,joy
寵兒,trust
鏢,fear
虛線,anger
虛線,fear
虛線,sadness
卑鄙,anger
卑鄙,disgust
卑鄙,fear
女兒,joy
黎明,anticipation
黎明,joy
黎明,surprise
黎明,trust
執事,trust
致命,anger
致命,disgust
致命,fear
致命,sadness
合同,anticipation
合同,joy
合同,surprise
合同,trust
交易,trust
死亡,anger
死亡,anticipation
死亡,disgust
死亡,fear
死亡,sadness
死亡,surprise
崩潰,fear
崩潰,sadness
放蕩,disgust
放蕩,fear
債券,anticipation
廢墟,disgust
債務,sadness
衰變,fear
衰變,sadness
腐,disgust
腐,sadness
死者,sadness
謊言,anger
謊言,disgust
謊言,fear
謊言,sadness
謊言,surprise
狡詐,disgust
狡詐,sadness
欺騙,anger
欺騙,disgust
欺騙,sadness
被騙,anger
欺騙,trust
分解,disgust
分解,sadness
分解,fear
誹謗,anger
契據,trust
誹謗,disgust
誹謗,fear
誹謗的,anger
默認,disgust
默認,fear
默認,sadness
打敗,sadness
保衛,fear
被告,sadness
辯護,trust
辯護人,trust
防禦,anger
防禦,anticipation
防禦,fear
手無寸鐵,fear
手無寸鐵,sadness
尊重,trust
蔑視,anger
蔑視,disgust
蔑視,fear
目中無人,anger
明確,trust
放氣,anger
放氣,sadness
放氣,fear
變形,disgust
變形,sadness
畸形,disgust
畸形,fear
畸形,sadness
騙取,anger
騙取,disgust
停業,sadness
違抗,anger
違抗,fear
違抗,sadness
違抗,surprise
簡,anger
簡,disgust
簡,sadness
降級,disgust
降解,disgust
降解,fear
降解,sadness
延遲,anger
延遲,disgust
延遲,fear
延遲,sadness
代表,trust
有害,anger
有害,disgust
有害,fear
美味的,joy
喜,anticipation
喜,joy
欣喜的,anticipation
欣喜的,joy
欣喜的,surprise
愉快,anticipation
愉快,joy
愉快,trust
拖欠的,anger
拖欠的,disgust
發狂的,sadness
譫妄,disgust
譫妄,sadness
救出,anticipation
救出,joy
救出,trust
交貨,anticipation
洪水,fear
洪水,sadness
洪水,surprise
妄想,anger
妄想,fear
妄想,sadness
需求,anger
發狂,fear
癡呆,fear
癡呆,sadness
讓位,fear
讓位,sadness
拆除,anger
拆除,sadness
惡魔,anger
惡魔,disgust
惡魔,fear
惡魔,sadness
惡魔的,anger
惡魔的,disgust
惡魔的,fear
惡魔的,sadness
示範,joy
示範,sadness
士氣低落,fear
士氣低落,sadness
否認,sadness
聲討,anger
聲討,disgust
牙科,fear
解約,anger
解約,disgust
解約,fear
拒絕,anger
否認,anticipation
離開,anticipation
離開,sadness
依靠,anticipation
依靠,trust
依賴,fear
依賴,sadness
依賴的,trust
可悲,anger
可悲,disgust
可悲,fear
可悲,sadness
痛惜,anger
痛惜,disgust
痛惜,sadness
驅逐出境,fear
驅逐出境,sadness
墮落,anger
墮落,anticipation
墮落,disgust
墮落,fear
墮落,sadness
貶值,anger
貶值,disgust
貶值,fear
貶值,sadness
折舊,fear
壓抑,sadness
鬱悶,anger
鬱悶,fear
鬱悶,sadness
壓抑,disgust
蕭條,sadness
抑鬱,sadness
剝奪,anger
剝奪,disgust
剝奪,fear
剝奪,sadness
深度,trust
副,trust
發瘋,anger
發瘋,disgust
發瘋,fear
愚弄,anger
愚弄,disgust
皮膚科醫生,trust
減損,anger
減損,disgust
減損,fear
減損,sadness
貶,anger
貶,disgust
貶,fear
貶,sadness
降落,fear
降落,sadness
褻瀆,anger
褻瀆,disgust
褻瀆,fear
褻瀆,sadness
沙漠,anger
沙漠,disgust
沙漠,fear
沙漠,sadness
廢棄的,anger
廢棄的,disgust
廢棄的,fear
廢棄的,sadness
值得,anger
值得,anticipation
值得,trust
指定,trust
斷念,anger
斷念,disgust
蒼涼,fear
絕望,anger
絕望,disgust
絕望,fear
絕望,sadness
專制,fear
獨裁,anger
獨裁,disgust
獨裁,fear
獨裁,sadness
目的地,anticipation
目的地,fear
目的地,joy
目的地,sadness
目的地,surprise
注定,anticipation
貧困,fear
貧困,sadness
銷毀,anger
銷毀,fear
銷毀,sadness
驅逐艦,anger
驅逐艦,fear
毀壞,anger
被拘留者,anger
被拘留者,anticipation
被拘留者,fear
被拘留者,sadness
拘留,sadness
惡化,fear
惡化,sadness
惡化,disgust
惡化,anger
決心,trust
憎恨,anger
憎恨,disgust
起爆,fear
起爆,surprise
引爆,anger
蹂躪,anger
蹂躪,fear
蹂躪,sadness
破壞性的,anger
破壞性的,disgust
破壞性的,fear
破壞性的,sadness
破壞性的,trust
毀壞,fear
毀壞,sadness
毀壞,surprise
發展,anticipation
偏差,sadness
魔鬼,anger
魔鬼,anticipation
魔鬼,disgust
魔鬼,fear
魔鬼,sadness
信仰的,trust
虔誠的,anticipation
虔誠的,joy
虔誠的,trust
毒辣,anger
毒辣,disgust
毒辣,fear
診斷,anticipation
診斷,fear
診斷,trust
鑽石,joy
尿布,disgust
腹瀉,disgust
日記,joy
日記,trust
獨裁者,fear
獨裁的,anger
專政,anger
專政,anticipation
專政,disgust
專政,fear
專政,sadness
字典,trust
膳食,anticipation
微分,trust
不同,surprise
難,fear
困難,sadness
困難,anger
困難,fear
數字,trust
尊嚴,trust
離題,anticipation
堤,fear
殘破,disgust
殘破,sadness
勤勉,trust
減少,sadness
恐龍,fear
外交,anticipation
外交,trust
導向器,trust
污垢,disgust
臟,disgust
失能,sadness
禁用,fear
禁用,sadness
殘,fear
殘,sadness
不同意,anger
不同意,sadness
異議,anger
異議,sadness
不允許,anger
不允許,disgust
不允許,fear
不允許,sadness
消失,fear
失望,anger
失望,disgust
失望,sadness
令人失望,sadness
不贊成,sadness
不贊成,anger
不贊成,disgust
不贊成,fear
災害,anger
災害,disgust
災害,fear
災害,surprise
慘重,anger
慘重,fear
慘重,sadness
弟子,trust
學科,fear
放棄,disgust
放棄,trust
披露,trust
變色,disgust
脫色的,disgust
脫色的,sadness
不舒服,sadness
斷開,sadness
斷開的,sadness
牢騷,anger
牢騷,disgust
牢騷,fear
牢騷,sadness
中斷,disgust
中斷,fear
中斷,sadness
不和,anger
不和,disgust
不鼓勵,fear
不鼓勵,sadness
慎重,anticipation
慎重,trust
辨析,anger
辨析,sadness
鑑別,disgust
區別,anger
區別,disgust
區別,fear
區別,sadness
疾病,anger
疾病,disgust
疾病,fear
疾病,sadness
病態的,disgust
病態的,fear
病態的,sadness
脫離現實,fear
脫離現實,sadness
毀容,anger
毀容,disgust
毀容,fear
毀容,sadness
恥辱,anger
恥辱,disgust
恥辱,sadness
可恥,anger
可恥,disgust
不滿,anger
不滿,disgust
不滿,sadness
厭惡,sadness
討厭,anger
討厭,disgust
討厭,fear
灰心,sadness
令人沮喪,sadness
不誠實,anger
不誠實,disgust
不誠實,sadness
羞辱,anger
羞辱,disgust
羞辱,fear
羞辱,sadness
幻滅,anger
幻滅,disgust
幻滅,sadness
造謠,anger
造謠,fear
不誠實的,disgust
瓦解,disgust
瓦解,fear
不喜歡的,anger
不喜歡的,sadness
脫臼,anger
脫臼,disgust
脫臼,fear
脫臼,sadness
慘淡,disgust
慘淡,fear
慘淡,sadness
沮喪,anger
沮喪,anticipation
沮喪,fear
沮喪,sadness
沮喪,surprise
支解,disgust
支解,fear
支解,sadness
解僱,anger
解僱,disgust
解僱,fear
解僱,sadness
解僱,surprise
不服從,anger
不服從,disgust
忤,anger
違,anger
違,disgust
紊亂,fear
貶損,anger
貶損,disgust
貶損,sadness
蔑視,sadness
差距,anger
差距,disgust
差距,sadness
冷靜,sadness
打消,sadness
流離失所,anger
流離失所,fear
流離失所,sadness
不快,anger
不快,disgust
不快,fear
不快,sadness
不愉快,disgust
部署,disgust
處置,anticipation
處置,trust
一無所有,anger
一無所有,fear
一無所有,sadness
取消資格,anger
取消資格,disgust
取消資格,sadness
資格,sadness
忽視,disgust
不名譽,anger
不名譽,disgust
不名譽,fear
謾,anger
不恭,anger
不恭,disgust
不恭,fear
不恭,sadness
瓦解,anger
瓦解,surprise
解剖,disgust
糾紛,anger
幫倒忙,anger
幫倒忙,disgust
幫倒忙,sadness
持不同政見,anger
持不同政見,fear
解散,anger
解散,fear
解散,sadness
解散,surprise
不和諧,anger
令人反感,disgust
扭曲,disgust
分心,anger
分心,anticipation
苦難,anger
苦難,disgust
苦難,fear
苦難,sadness
苦難,surprise
苦惱,fear
令人痛心,anger
令人痛心,fear
懷疑,anger
懷疑,disgust
懷疑,fear
騷亂,anger
騷亂,fear
騷亂,sadness
騷亂,surprise
不安,anger
不安,sadness
廢棄,anger
短詩,joy
發散,surprise
導流,surprise
卜筮,anticipation
離婚,anger
離婚,disgust
離婚,fear
離婚,sadness
離婚,surprise
離婚,trust
醫生,trust
教義,trust
教條,trust
低迷,sadness
悲,sadness
娃娃,joy
海豚,joy
海豚,surprise
海豚,trust
優勢,fear
支配,anger
支配,fear
統治,anger
統治,fear
統治,sadness
主權,fear
主權,trust
不要,trust
驢,disgust
厄運,fear
注定,fear
注定,sadness
末日,anger
末日,anticipation
末日,disgust
末日,fear
末日,sadness
懷疑,sadness
懷疑,trust
毫無疑問，,trust
鴿子,anticipation
鴿子,joy
鴿子,trust
倒台,fear
倒台,sadness
徹頭徹尾,trust
單調,sadness
草案,anticipation
龍,fear
恐懼,anticipation
恐懼,fear
可怕,anticipation
可怕,surprise
淒涼,sadness
胡說,disgust
流口水,disgust
淹,fear
淹,sadness
迷藥,sadness
醉,disgust
可疑,fear
可疑,trust
決鬥,anger
決鬥,anticipation
決鬥,fear
平淡,sadness
轉儲,anger
轉儲,sadness
地牢,fear
表裡不一,anger
耐久力,trust
耐用,trust
脅迫,sadness
忠實的,anticipation
忠實的,trust
所繪,fear
所繪,sadness
垂死,anger
垂死,disgust
垂死,fear
垂死,sadness
動態,surprise
痢,disgust
痢,sadness
急於,anticipation
急於,joy
急於,surprise
急於,trust
熱心,trust
鷹,trust
地震,anger
地震,fear
地震,sadness
地震,surprise
經濟,trust
狂喜,anticipation
狂喜,joy
欣喜若狂,anticipation
欣喜若狂,joy
欣喜若狂,surprise
法令,fear
熏陶,anticipation
熏陶,joy
熏陶,trust
版,anticipation
教育性,trust
鰻魚,fear
有效,trust
高效,anticipation
高效,trust
肖像,anger
自負,disgust
過分的,anger
過分的,disgust
射精,anticipation
射精,joy
射精,surprise
射精,trust
高昂,joy
彎頭,anger
長老,trust
選,trust
選民,trust
電動,joy
電動,surprise
優雅,anticipation
優雅,joy
優雅,trust
海拔,anticipation
海拔,fear
海拔,joy
海拔,trust
小精靈,anger
小精靈,disgust
小精靈,fear
消除,anger
消除,disgust
消除,fear
消除,sadness
原種,anticipation
原種,joy
原種,trust
闡發,trust
難以捉摸,surprise
瘦弱,fear
瘦弱,sadness
解放,anticipation
解放,joy
阻礙,sadness
困窘,fear
困窘,sadness
困窘,surprise
栓塞,fear
栓塞,sadness
擁抱,anticipation
擁抱,joy
擁抱,surprise
擁抱,trust
急,sadness
急,surprise
隆起,trust
注重,trust
採用,trust
空虛,sadness
啟用,trust
蠱惑,anticipation
蠱惑,joy
蠱惑,surprise
入迷,joy
入迷,trust
妖嬈,anticipation
妖嬈,joy
鼓勵,joy
鼓勵,trust
侵犯,fear
累贅,anger
累贅,fear
累贅,sadness
百科全書,trust
危害,anticipation
危害,fear
瀕危,fear
努力,anticipation
流行,disgust
流行,fear
流行,sadness
無窮,anger
無窮,fear
無窮,joy
無窮,sadness
無窮,trust
心內膜炎,fear
心內膜炎,sadness
賦予,trust
天賦,trust
灌腸劑,disgust
敵人,anger
敵人,disgust
敵人,fear
執行,anger
執行,fear
訂婚,anticipation
訂婚,joy
訂婚,trust
卡,joy
卡,trust
吞噬,anticipation
神秘,fear
請享用,anticipation
請享用,joy
請享用,trust
享受,anticipation
享受,joy
享受,trust
開導,joy
開導,trust
啟示,joy
啟示,trust
活躍,joy
活躍,surprise
活躍,trust
註冊,anticipation
註冊,trust
合奏,trust
奴役,anger
奴役,disgust
奴役,fear
奴役,sadness
糾纏,anger
糾纏,disgust
糾纏,fear
糾纏,sadness
招待,joy
封盤,joy
娛樂,anticipation
娛樂,surprise
娛樂,trust
熱情,anticipation
熱情,joy
熱情,surprise
愛好者,anticipation
愛好者,joy
愛好者,surprise
腑臟,disgust
委託,trust
疫情,anger
疫情,anticipation
疫情,disgust
疫情,fear
疫情,sadness
疫情,surprise
主教,trust
墓誌銘,sadness
平等,joy
平等,trust
根除,anger
根除,disgust
根除,fear
抹去,fear
好色之徒,anticipation
好色之徒,joy
好色之徒,surprise
好色之徒,trust
使命,anticipation
使命,trust
不穩定的,surprise
爆發,anger
爆發,surprise
噴發,anger
噴發,fear
噴發,surprise
升級,anger
逃逸,anticipation
逃逸,fear
逃脫,fear
避,anger
避,sadness
護送,trust
建立,trust
既定,joy
尊重,joy
尊重,sadness
空靈,fear
安樂死,fear
安樂死,sadness
撤離,fear
逃避,anger
逃避,disgust
逃避,fear
伊凡塞斯,sadness
伊凡塞斯,surprise
逃避,sadness
最終,anticipation
可能性,anticipation
可能性,fear
常綠,joy
常綠,trust
趕出,sadness
趕出,anger
趕出,disgust
趕出,fear
明顯,trust
邪惡,anger
邪惡,disgust
邪惡,fear
邪惡,sadness
誇大,anger
捧,anticipation
捧,joy
捧,trust
提高,joy
提高,trust
崇高的,joy
崇高的,trust
檢查,fear
檢查,surprise
惱怒,anger
惱怒,disgust
挖掘,anticipation
挖掘,surprise
超過,anticipation
超過,joy
高強,anticipation
高強,joy
高強,surprise
高強,trust
卓越,disgust
卓越,joy
卓越,trust
優秀,joy
優秀,trust
交換,trust
勵磁,anger
勵磁,anticipation
勵磁,fear
勵磁,joy
勵磁,surprise
激發,anger
激發,anticipation
激發,fear
激發,joy
激發,surprise
興奮,anticipation
興奮,joy
興奮,surprise
興奮,trust
激動,anticipation
激動,joy
激動,surprise
扣人心弦,anticipation
扣人心弦,joy
扣人心弦,surprise
喊叫,surprise
排除,disgust
排除,sadness
排除,fear
糞便,disgust
排泄,disgust
執行,sadness
執行,trust
劊子手,anger
劊子手,fear
劊子手,sadness
執行者,trust
累,sadness
衰竭,anticipation
衰竭,sadness
詳細,trust
不亦樂乎,joy
不亦樂乎,surprise
流亡,anger
流亡,fear
流亡,sadness
驅魔,fear
驅魔,sadness
期望,anticipation
期望,surprise
期望,trust
期待,anticipation
權宜,joy
權宜,trust
遠征,anticipation
驅逐,anger
驅逐,disgust
驅逐,fear
驅逐,sadness
有經驗的,trust
實驗,anticipation
實驗,surprise
專家,trust
專門知識,trust
到期,sadness
說明,trust
髒話,anger
爆炸,anger
爆炸,fear
爆炸,sadness
爆炸,surprise
探索,anticipation
爆炸物,anger
爆炸物,anticipation
爆炸物,fear
爆炸物,surprise
暴露,anticipation
暴露,fear
開除,anger
開除,disgust
開除,fear
開除,sadness
精美,joy
殄,fear
殄,sadness
滅絕,anger
滅絕,fear
絕種,sadness
撲滅,anger
法外處決,fear
解脫,anticipation
目擊者,trust
製造,trust
事實,trust
學院,trust
大便,disgust
失敗,anger
失敗,anticipation
失敗,fear
失敗,sadness
失敗,disgust
昏暈,fear
昏暈,sadness
昏暈,surprise
相當,trust
信仰,anticipation
信仰,joy
信仰,trust
可信,trust
移情別戀,sadness
秋季,sadness
錯誤的,anger
落下,sadness
謬誤,anger
謬誤,trust
偽造,anger
偽造,disgust
衰退,fear
熟,trust
熟悉,anticipation
熟悉,joy
熟悉,trust
飢荒,sadness
狂熱,fear
幻想,anticipation
幻想,joy
大張旗鼓,anticipation
大張旗鼓,joy
大張旗鼓,surprise
獠牙,fear
滑稽的,disgust
農場,anticipation
禁食,sadness
脂肪,disgust
脂肪,sadness
病死率,fear
病死率,sadness
命運,anticipation
父親,trust
疲勞,sadness
故障,sadness
完美,trust
有利,anticipation
有利,joy
有利,surprise
有利,trust
喜愛,joy
喜愛,trust
恐懼,anger
擔心,fear
不怕,fear
功績,anticipation
功績,joy
功績,surprise
屎,disgust
費用,anger
微弱,sadness
感覺,anger
感覺,anticipation
感覺,disgust
感覺,fear
感覺,joy
感覺,sadness
感覺,surprise
感覺,trust
祺,joy
下跌,sadness
同伴,trust
重犯,fear
圍欄,anger
擋泥板,trust
發酵,anticipation
兇猛,anger
兇猛,disgust
兇猛,fear
熱情,anger
節,anticipation
節,joy
節,surprise
歡樂的,joy
世仇,anger
封建,anger
封建,sadness
發熱,fear
FIB,anger
保真度,joy
保真度,trust
激烈,anger
激烈,disgust
激烈,fear
節日,anticipation
節日,joy
節日,surprise
節日,trust
鬥爭,anger
鬥爭,fear
填,trust
污穢,disgust
最後,anticipation
最後,disgust
最後,joy
最後,surprise
最後,trust
火,fear
槍支,anger
槍支,fear
消防隊員,trust
堅固性,trust
適合,anger
配件,anticipation
配件,joy
配件,trust
固定,trust
鬆弛,disgust
鬆弛,sadness
明目張膽,anger
明目張膽,disgust
旗艦,trust
輪緣,trust
諂媚的,joy
脹氣,disgust
跳蚤,disgust
逃離,fear
羊毛,anger
羊毛,disgust
羊毛,sadness
肉,disgust
退縮,anticipation
退縮,disgust
退縮,fear
退縮,sadness
退縮,surprise
調情,anticipation
調情,joy
調情,surprise
調情,trust
鞭打,anger
鞭打,disgust
鞭打,fear
鞭打,sadness
拍擊聲,disgust
拍擊聲,sadness
比目魚,fear
比目魚,sadness
流感,fear
波動,anger
波動,fear
吸蟲,surprise
飛行,fear
癖好,joy
餐飲,joy
餐飲,trust
傻子,disgust
足球,anticipation
足球,joy
立足點,trust
突襲,anger
禁止,sadness
森嚴,anger
森嚴,fear
力,anger
力,fear
被迫,fear
強制,anger
強制,fear
前臂,anger
前臂,anticipation
預感,anticipation
預感,fear
預測,anticipation
預測,trust
取消抵押品贖回權,fear
取消抵押品贖回權,sadness
祖先,joy
祖先,trust
外國人,fear
預料,anticipation
預料,surprise
預料,trust
預見,anticipation
先見之明,anticipation
先見之明,trust
凡事預,anticipation
凡事預,fear
喪失,anger
喪失,sadness
沒收,fear
寬容,trust
忘記了,fear
忘記了,sadness
禮節,trust
形成性,trust
強大,fear
成型,anticipation
式,trust
離棄,anger
離棄,sadness
堡,trust
堅忍不拔,joy
堅忍不拔,trust
堡壘,fear
堡壘,sadness
堡壘,trust
幸運,anticipation
幸運,joy
幸運,surprise
幸運,trust
犯規,anger
犯規,disgust
犯規,fear
發現,joy
發現,trust
脆弱,fear
脆弱,sadness
骨架,trust
瘋狂的,anticipation
瘋狂的,disgust
瘋狂的,fear
瘋狂的,surprise
兄弟,joy
兄弟,trust
舞弊,anger
騙人的,anger
騙人的,disgust
誤人子弟,fear
誤人子弟,sadness
磨損,sadness
滑稽可笑的,disgust
滑稽可笑的,fear
滑稽可笑的,surprise
自由,joy
自由,trust
自如,joy
自如,trust
狂熱的,anger
狂熱的,fear
狂熱的,surprise
喪心病狂,anger
喪心病狂,fear
煩惱,fear
摩擦,anger
朋友,joy
朋友,trust
友好,joy
友好,trust
友善,anticipation
友善,joy
友善,trust
友誼,joy
友誼,trust
護衛艦,fear
驚駭,fear
驚駭,surprise
嚇唬,fear
嚇唬,sadness
嚇唬,surprise
受驚,fear
受驚,surprise
歡躍的,anticipation
歡躍的,joy
歡躍的,surprise
歡樂,joy
皺眉,sadness
皺著眉頭,anger
皺著眉頭,disgust
皺著眉頭,sadness
不結果,sadness
阻撓,anger
阻撓,disgust
阻撓,sadness
受挫,anger
挫折,anger
逃亡,anger
逃亡,disgust
逃亡,fear
逃亡,sadness
逃亡,trust
履行,joy
履行,anticipation
履行,trust
充分,trust
發煙,anger
開玩笑,anticipation
開玩笑,joy
基本的,trust
恐懼,sadness
狂怒,anger
狂怒,disgust
爐,anger
轟動,anger
畦,sadness
憤怒,fear
憤怒,sadness
保險絲,trust
小題大作,anger
小題大作,sadness
挑剔,disgust
無用,sadness
加比,disgust
插科打諢,disgust
抵押品,trust
獲得,anticipation
獲得,joy
癭,anger
癭,disgust
絞架,anger
絞架,fear
絞架,sadness
賭徒,anticipation
賭徒,surprise
賭博,anticipation
賭博,surprise
結夥,anger
結夥,fear
盱,surprise
垃圾,disgust
花園,joy
扎眼,disgust
扎眼,surprise
駐軍,trust
劃開,fear
喘氣,surprise
喘氣,fear
門,trust
網關,trust
計量,trust
呆子,surprise
公報,trust
明膠,disgust
寶石,joy
一般,trust
慷慨,anticipation
慷慨,joy
慷慨,surprise
慷慨,trust
和藹的,joy
紳士,anger
紳士,disgust
紳士,fear
紳士,trust
紳,trust
真正,trust
老年,sadness
病菌,anticipation
病菌,disgust
發芽,anticipation
陰森,disgust
陰森,fear
貧民區,disgust
貧民區,fear
貧民區,sadness
鬼,fear
幽靈的,fear
巨人,fear
胡言亂語,anger
禮品,anticipation
禮品,joy
禮品,surprise
傻笑,joy
梁,trust
高興,anticipation
高興,joy
角鬥士,fear
強光,anger
強光,fear
刺眼,anger
滑行,anticipation
滑行,joy
微光,anticipation
微光,joy
微光,surprise
閃光,disgust
閃光,joy
愁雲,sadness
陰沉,sadness
讚美,joy
榮耀,anticipation
榮耀,joy
榮耀,surprise
榮耀,trust
輝光,anticipation
輝光,joy
輝光,trust
充斥,disgust
暴食,disgust
地精,anger
地精,disgust
地精,fear
凝塊,disgust
小妖精,disgust
小妖精,fear
神,anticipation
神,fear
神,joy
神,trust
無神,anger
敬虔,joy
敬虔,trust
天賜,joy
天賜,surprise
淋病,anger
淋病,disgust
淋病,fear
淋病,sadness
感傷,disgust
好,anticipation
好,joy
好,surprise
好,trust
善良,anticipation
善良,joy
善良,surprise
善良,trust
血塊,anger
血塊,disgust
血塊,fear
血塊,sadness
峽谷,disgust
華麗,joy
福音,trust
治理,trust
姆,trust
政府,fear
州長,trust
抓,anger
緩,anticipation
畢業,anticipation
畢業,fear
畢業,joy
畢業,surprise
畢業,trust
語法,trust
孫子,anticipation
孫子,joy
孫子,trust
祖父,trust
發放,anticipation
發放,joy
發放,trust
抓,anticipation
磨碎,anger
取悅,joy
取悅,surprise
光柵,anger
光柵,disgust
感謝,joy
免費的,disgust
墳,fear
墳,sadness
受引力作用,anticipation
灰色,disgust
灰色,sadness
膩,disgust
偉大,joy
偉大,surprise
偉大,trust
貪心,anger
貪心,disgust
綠色,joy
綠色,trust
歡迎,surprise
手榴彈,fear
哀思,sadness
不平,anger
不平,disgust
不平,sadness
悼,fear
悼,sadness
嚴峻,anger
嚴峻,anticipation
嚴峻,disgust
嚴峻,fear
嚴峻,sadness
煤塵,disgust
骯髒,disgust
微笑,anticipation
微笑,joy
微笑,surprise
微笑,trust
嚇人的,disgust
嚇人的,fear
砂礫,trust
灰熊,fear
呻吟,disgust
呻吟,sadness
毛,disgust
奇怪的,disgust
地面,trust
接地,fear
接地,sadness
增長,anticipation
增長,joy
增長,trust
吠聲,anger
吠聲,fear
咆哮,anger
咆哮,disgust
咆哮,fear
怨恨,anger
粗暴,anger
粗暴,disgust
嘰,anger
嘰,disgust
性情乖戾的,anger
性情乖戾的,disgust
性情乖戾的,sadness
守衛,fear
守衛,trust
監護人,trust
監護,trust
游擊,fear
猜測,surprise
指導,trust
指南,trust
斷頭台,anger
斷頭台,anticipation
斷頭台,disgust
斷頭台,fear
斷頭台,sadness
有罪,disgust
有罪,sadness
有罪,anger
輕信,sadness
輕信,trust
吞,fear
吞,surprise
槍,anger
槍,fear
火藥,fear
領袖,trust
噴,disgust
噴,joy
扣板,trust
腸道,disgust
排水溝,disgust
慣常的,anticipation
魔女,disgust
魔女,fear
枯槁,sadness
冰雹,trust
毛茸茸,disgust
幻覺,fear
羈,anger
羈,fear
羈,sadness
暫停,fear
暫停,sadness
腿筋,anger
腿筋,sadness
手冊,trust
掛,anger
掛,disgust
掛,fear
掛,sadness
發生,anticipation
高高興興,joy
幸福,anticipation
騷擾,anger
騷擾,disgust
預兆,anger
預兆,anticipation
預兆,fear
港口,trust
硬化,anger
硬化,disgust
硬化,fear
苦,sadness
耐寒,joy
耐寒,trust
妓女,disgust
有害,sadness
和諧地,joy
和諧地,trust
和諧,joy
悲慘,fear
掠奪,anger
掠奪,sadness
苛刻,anger
苛刻,fear
收成,anticipation
收成,joy
趕快,anticipation
討厭,sadness
可惡,sadness
恨,anger
仇,anger
仇,disgust
仇,fear
仇,sadness
出沒,fear
鬧鬼,fear
鬧鬼,sadness
避風港,trust
浩劫,anger
浩劫,fear
鷹,fear
冒險,fear
陰霾,fear
車燈,anticipation
癒合,joy
癒合,trust
復原,anticipation
復原,joy
復原,trust
健康的,joy
聽力,fear
柩車,fear
柩車,sadness
心痛,sadness
衷心,joy
衷心,sadness
衷心,trust
盡情地,joy
狠心,sadness
心絲蟲,disgust
異教徒,fear
天上,trust
天,joy
天,trust
享樂主義,joy
分量,anticipation
分量,fear
增高,fear
地獄,anger
地獄,disgust
地獄,fear
地獄,sadness
地獄般,anger
地獄般,disgust
地獄般,fear
地獄般,sadness
頭盔,fear
幫手,trust
有幫助,joy
有幫助,trust
無助,fear
無助,sadness
無奈,fear
無奈,sadness
出血,disgust
出血,fear
出血,sadness
異教徒,disgust
遺產,trust
雌雄同體,surprise
隱士,sadness
隱士,trust
英雄,anticipation
英雄,joy
英雄,surprise
英雄,trust
英勇,joy
英勇,surprise
英勇,trust
女英雄,trust
英雄主義,anticipation
英雄主義,joy
英雄主義,surprise
英雄主義,trust
泡疹,disgust
皰疹病毒,disgust
猶豫,fear
極盛,anticipation
極盛,joy
極盛,trust
藏,fear
最高,anticipation
最高,fear
最高,joy
最高,surprise
歡鬧的,joy
歡鬧的,surprise
歡鬧,joy
聘請,anticipation
聘請,joy
聘請,trust
嘶,anger
嘶,fear
擊中,anger
蒼老,sadness
惡作劇,anger
惡作劇,disgust
惡作劇,sadness
惡作劇,surprise
愛好,joy
流浪漢,sadness
豕,disgust
假日,anticipation
假日,joy
聖潔,anticipation
聖潔,fear
聖潔,joy
聖潔,surprise
聖潔,trust
空洞,sadness
無家可歸,anger
無家可歸,anticipation
無家可歸,disgust
無家可歸,fear
無家可歸,sadness
想家,sadness
家庭作業,fear
殺人,anger
殺人,fear
殺人,disgust
殺人,sadness
誠實,anger
誠實,disgust
誠實,fear
誠實,joy
誠實,sadness
誠實,trust
度蜜月,anticipation
度蜜月,joy
度蜜月,surprise
度蜜月,trust
光彩,trust
引擎罩,anger
引擎罩,disgust
引擎罩,fear
連帽,fear
叱,anger
叱,disgust
希望,anticipation
希望,joy
希望,surprise
希望,trust
有希望,anticipation
有希望,joy
有希望,surprise
有希望,trust
部落,surprise
地平線,anticipation
星座,anticipation
可怕的,anger
可怕的,disgust
可怕的,fear
可怕的,sadness
嚇壞了,fear
恐怖,anger
恐怖,disgust
恐怖,fear
恐怖,sadness
恐怖,surprise
馬,trust
臨終關懷,sadness
醫院,fear
醫院,sadness
醫院,trust
人質,anger
人質,fear
敵對,anger
敵對,disgust
敵對,fear
敵對行動,anger
敵對行動,fear
熱,anger
嗥,anger
嗥,disgust
嗥,fear
嗥,sadness
嗥,surprise
廢船,disgust
人道主義,anticipation
人道主義,joy
人道主義,surprise
人道主義,trust
人性,joy
人性,trust
謙卑,disgust
謙卑,sadness
自愧不如,sadness
哄騙,anger
哄騙,disgust
哄騙,sadness
屈辱,disgust
屈辱,sadness
謙遜,trust
幽默,joy
飢餓,anticipation
獵人,anticipation
獵人,fear
獵人,sadness
狩獵,anger
狩獵,anticipation
狩獵,fear
颶風,fear
慌忙,anticipation
匆忙,anticipation
傷害,anger
傷害,fear
傷害,sadness
傷人,anger
傷人,disgust
傷人,fear
傷人,sadness
農事,trust
棚屋,sadness
水螅,fear
腦積水,disgust
腦積水,fear
腦積水,sadness
聖歌,anticipation
聖歌,joy
聖歌,sadness
聖歌,trust
炒作,anticipation
肥大,disgust
肥大,fear
肥大,surprise
偽君子,disgust
虛偽,disgust
假設,anticipation
假設,surprise
歇斯底里,fear
歇斯底里,anger
白痴,anger
白痴,disgust
白痴,sadness
痴,anger
痴,disgust
偶像崇拜,disgust
偶像崇拜,fear
愚昧,disgust
生病,anger
生病,disgust
非法,anger
非法,disgust
非法,fear
非法,sadness
違法,anger
違法,disgust
違法,fear
非法的,anger
非法的,disgust
非法的,fear
非法的,sadness
非法的,surprise
文盲,disgust
照明,joy
照明,surprise
照明,trust
錯覺,surprise
完美,joy
未成熟的,anticipation
未成年,anger
未成年,anticipation
直接,surprise
立即,anticipation
沉浸,anticipation
沉浸,fear
沉浸,joy
沉浸,surprise
沉浸,trust
移民,fear
即將來臨,anticipation
即將來臨,fear
不道德,anger
不道德,disgust
不道德,fear
不道德,sadness
放蕩,anger
不朽,anticipation
不能移動的,trust
免疫接種,trust
傳授,trust
公正,trust
公正性,trust
不耐煩,anticipation
劾,disgust
劾,fear
無可挑剔,trust
即將到來的,anticipation
即將到來的,fear
費解的,trust
不透水,anger
不透水,fear
連累,anger
不客氣,disgust
重要性,anticipation
重要,trust
不可能,sadness
性無能,anger
性無能,fear
性無能,sadness
易受,trust
囚禁,anger
囚禁,disgust
囚禁,fear
徒刑,anger
徒刑,disgust
徒刑,fear
徒刑,sadness
提高,anticipation
起色,joy
起色,trust
即興,surprise
湊合,anticipation
湊合,surprise
魯莽的,sadness
不純,disgust
無力,sadness
不足,sadness
不予受理,anger
不予受理,disgust
不當,anger
不當,disgust
不當,sadness
注意力不集中,anger
就職,anticipation
就職典禮,anticipation
就職典禮,joy
就職典禮,trust
監禁,anger
監禁,disgust
監禁,fear
監禁,sadness
以防萬一,anger
以防萬一,disgust
以防萬一,fear
以防萬一,sadness
放火的,anger
放火的,fear
放火的,surprise
香,anger
亂倫,anger
亂倫,disgust
亂倫,fear
亂倫,sadness
亂倫的,disgust
事件,surprise
煽動,anger
煽動,anticipation
煽動,fear
傾斜,trust
包容,trust
收入,anticipation
收入,joy
收入,sadness
收入,trust
不相容,anger
不相容,disgust
不相容,sadness
無能,anger
無能,sadness
牛頭不對馬嘴,anger
無關緊要,sadness
輕率,anger
輕率,disgust
輕率,sadness
失禁,surprise
不方便,anger
不方便,disgust
不方便,sadness
懷疑的,anger
懷疑的,disgust
證其罪,fear
證其罪,sadness
夢魘,disgust
夢魘,fear
不可救藥,anger
不可救藥,disgust
不可救藥,fear
不可救藥,sadness
侵入,fear
流氓,anger
流氓,disgust
非禮,disgust
站不住腳的,fear
不可磨滅,trust
賠款,trust
縮進,trust
契約,anger
獨立,anticipation
獨立,joy
獨立,surprise
獨立,trust
堅不可摧,trust
起訴,anger
起訴,fear
起訴書,fear
漠不關心,anger
漠不關心,disgust
漠不關心,fear
漠不關心,sadness
憤慨,anger
憤慨,disgust
不可分割,trust
灌輸,anger
灌輸,fear
不屈不撓,fear
無效,disgust
低效,disgust
低效,sadness
無能,disgust
無能,fear
不等式,anger
不等式,fear
不等式,sadness
不可原諒,anger
不可原諒,disgust
不可原諒,sadness
費解的,surprise
犯錯誤,trust
臭名昭著,anger
臭名昭著,disgust
臭名昭著,fear
罵名,sadness
嬰兒,anticipation
嬰兒,fear
嬰兒,joy
嬰兒,surprise
女嬰,anger
女嬰,anticipation
女嬰,disgust
女嬰,fear
女嬰,sadness
嬰兒,anger
嬰兒,disgust
梗塞,fear
梗塞,surprise
感染,disgust
感染,fear
傳染病,disgust
傳染病,fear
傳染病,sadness
下,sadness
不孕不育,sadness
為患,disgust
為患,fear
異教徒,anger
不忠,anger
不忠,disgust
不忠,fear
不忠,sadness
無窮,anticipation
癃,fear
通貨膨脹,fear
造成,anger
造成,fear
造成,sadness
施加某種,fear
施加某種,sadness
有影響,trust
通知,trust
侵害,anger
罕見的,surprise
遺產,anticipation
遺產,joy
遺產,surprise
抑制,anger
抑制,disgust
抑制,sadness
荒涼,sadness
不人道,anger
不人道,disgust
不人道,fear
不人道,sadness
抵觸的,anger
抵觸的,sadness
無比,trust
罪孽,disgust
注射,fear
損傷,fear
受傷,fear
受傷,sadness
害,anger
害,fear
害,sadness
傷,anger
傷,fear
傷,sadness
不公正,anger
犯人,disgust
犯人,fear
無辜,trust
接種,anticipation
接種,trust
不工作,anger
查詢,anticipation
瘋狂,disgust
瘋狂,sadness
不安全,anger
不安全,fear
不安全,sadness
形影不離,joy
形影不離,trust
陰險,anger
陰險,disgust
陰險,fear
微不足道,anger
微不足道,sadness
破產,surprise
資不抵債,fear
資不抵債,sadness
資不抵債,trust
靈感,anticipation
靈感,joy
啟發,anticipation
啟發,joy
啟發,trust
啟發,surprise
不穩定,disgust
不穩定,fear
安裝,anticipation
直覺的,anger
直覺的,disgust
直覺的,fear
研究所,trust
指令,trust
說明,anticipation
講師,anticipation
講師,trust
機能不全,anger
絕緣,trust
侮辱,anger
侮辱,disgust
侮辱,sadness
侮辱,surprise
侮辱,fear
不可逾越,fear
不可逾越,sadness
起義,anger
完整,trust
廉正,trust
情報,fear
情報,joy
情報,trust
智能,trust
打算,trust
意,anticipation
激烈,joy
激烈,surprise
激烈,trust
間,sadness
說情,fear
說情,sadness
說情,trust
有興趣,disgust
有興趣,sadness
臨時,anticipation
室內,disgust
室內,trust
土葬,sadness
沒完沒了,anger
沒完沒了,anticipation
幕間休息,anticipation
審問,fear
問診,fear
打斷,anger
打斷,surprise
間斷,sadness
介入,sadness
面試官,fear
腸,disgust
親密,anticipation
親密,joy
親密,trust
密切,anticipation
密切,fear
密切,joy
威嚇,fear
恐嚇,anger
恐嚇,fear
無法忍受,anger
不耐症,anger
不耐症,disgust
不耐症,fear
不可忍耐,anger
不可忍耐,disgust
不可忍耐,fear
不可忍耐,sadness
酣,disgust
棘手,anger
詭計,anticipation
詭計,fear
詭計,surprise
侵入者,anger
侵入者,fear
侵入者,surprise
侵擾,fear
侵入,anger
侵入,disgust
侵入,surprise
直覺,trust
直觀地,anticipation
入侵,anger
入侵,fear
入侵,sadness
入侵,surprise
侵略者,sadness
無效,sadness
調查,anticipation
請帖,anticipation
邀請,anticipation
邀請,joy
邀請,surprise
邀請,trust
誘人的,anticipation
誘人的,joy
誘人的,surprise
誘人的,trust
調用,anticipation
調用,trust
乘方,anger
參與,anger
發怒的,anger
鳶尾花,fear
鐵,trust
不合理的,disgust
不合理的,fear
不可調和,anger
不可調和,fear
不可調和,sadness
確鑿,trust
不可挽回的,fear
不可挽回的,sadness
易怒,anger
急躁,anger
刺激性,anger
刺激性,disgust
刺激,anger
刺激,disgust
刺激,sadness
隔離,sadness
孤立,fear
孤立,sadness
戳,anger
頭獎,anticipation
頭獎,joy
頭獎,surprise
監獄,fear
監獄,sadness
門警,disgust
不和諧,fear
不和諧,sadness
黃疸,fear
顎,fear
妒,anger
妒,disgust
妒忌,anger
妒忌,disgust
妒忌,fear
妒忌,sadness
危害,anger
危險,anticipation
混蛋,surprise
約翰,disgust
滑稽角色,joy
滑稽角色,surprise
顛簸,surprise
新聞學,trust
旅程,anticipation
旅程,fear
旅程,joy
熟練工,trust
快活,joy
喜悅,joy
喜慶,joy
喜慶,surprise
喜慶,trust
歡樂,surprise
判斷,surprise
司法,anticipation
司法,trust
明智的,trust
跳,joy
叢林,fear
法理,sadness
法學家,trust
陪審團,trust
正義,trust
合理的,trust
狗窩,sadness
煤油,fear
汗,fear
汗,trust
踢,anger
綁架,anger
殺,fear
殺,sadness
謀殺,anger
謀殺,fear
謀殺,sadness
類,joy
類,trust
親屬,anticipation
親屬,joy
親屬,trust
吻,anticipation
吻,joy
吻,surprise
風箏,disgust
小貓,joy
小貓,trust
喪鐘,fear
喪鐘,sadness
短褲,trust
標籤,trust
勞動,anticipation
勞動,joy
勞動,surprise
勞動,trust
吃力,sadness
迷宮,anticipation
花邊,anger
花邊,fear
花邊,sadness
花邊,trust
滯後,anger
滯後,anticipation
滯後,disgust
滯後,sadness
羊肉,joy
羊肉,trust
哀嘆,disgust
哀嘆,fear
哀嘆,sadness
感嘆,sadness
里程碑,trust
滑坡,fear
滑坡,sadness
含情脈脈,fear
含情脈脈,sadness
盜竊罪,disgust
大,disgust
大,surprise
大,trust
激光,trust
睫毛,anger
睫毛,fear
晚了,sadness
潛,anger
潛,anticipation
潛,disgust
潛,surprise
廁所,disgust
笑,joy
笑,surprise
可笑,disgust
笑聲,anticipation
笑聲,joy
笑聲,surprise
發射,anticipation
得主,trust
桂冠,joy
岩漿,anger
岩漿,fear
廁,disgust
法,trust
合法,trust
無法無天,anger
無法無天,fear
訴訟,anger
訴訟,disgust
訴訟,fear
訴訟,sadness
訴訟,surprise
律師,disgust
松,sadness
瀉藥,disgust
瀉藥,fear
領導,trust
倚,trust
離開,surprise
水蛭,disgust
水蛭,fear
持懷疑態度,surprise
法律,trust
合法化,anger
合法化,fear
合法化,joy
合法化,trust
立法者,trust
立法機關,trust
閒暇,anticipation
閒暇,joy
閒暇,surprise
閒暇,trust
檸檬,disgust
貸款人,trust
麻風,disgust
麻風,fear
麻風,sadness
減少,anticipation
較小,disgust
課,anticipation
課,trust
昏睡,sadness
信,anticipation
字母,anticipation
字母,trust
白血病,anger
白血病,fear
白血病,sadness
磯,trust
水平,trust
猥褻,disgust
說謊者,disgust
誹謗,trust
解放,anger
解放,surprise
解放,trust
自由,anticipation
自由,surprise
舔,disgust
陸軍中尉,trust
死氣沉沉,fear
死氣沉沉,sadness
閃電,anger
閃電,fear
閃電,surprise
喜歡,joy
喜歡,trust
有限,anger
有限,sadness
線,fear
縈繞,anticipation
語言學家,trust
獅子,fear
酒,anger
酒,joy
酒,sadness
蔫,sadness
訴訟,anticipation
鐵青,anger
鐵青,disgust
非常討厭,disgust
討厭的,anger
討厭的,disgust
本土化,anticipation
刺槐,fear
住宿,trust
孤單,sadness
孤單,fear
孤獨,anger
孤獨,disgust
孤獨,fear
孤獨,sadness
寂寞,sadness
長,anticipation
渴望,sadness
織布機,anticipation
織布機,fear
懶人,disgust
主,disgust
主,trust
失去,anger
失去,disgust
失去,fear
失去,sadness
失去,surprise
失利,anger
失利,fear
失利,sadness
丟失,sadness
抽獎,anticipation
響度,anger
蝨,disgust
可愛,joy
可愛,trust
愛,joy
可愛,anticipation
可愛,sadness
可愛,surprise
情人,anticipation
情人,joy
情人,trust
愛心,joy
愛心,trust
降低,sadness
最低,sadness
卑賤,sadness
忠誠,fear
忠誠,joy
忠誠,surprise
運氣,anticipation
運氣,joy
運氣,surprise
麻痺,anticipation
磊,disgust
瘋狂行為,anger
瘋狂行為,disgust
瘋狂行為,fear
瘋狂行為,sadness
瘋子,anger
瘋子,disgust
瘋子,fear
弓步,surprise
爚,disgust
甜美,anticipation
甜美,joy
青蔥的,disgust
青蔥的,sadness
情慾,anticipation
光澤,joy
精力充沛,disgust
豪華,joy
說謊,anger
說謊,disgust
林奇,anger
林奇,disgust
林奇,fear
林奇,sadness
七弦琴,joy
抒情,joy
錘,fear
機,trust
狂,anger
狂,disgust
狂,fear
狂,sadness
發怒,anger
發怒,fear
狂人,anger
狂人,fear
黑手黨,fear
魔術師,fear
蛆,disgust
神奇,anticipation
神奇,joy
神奇,surprise
魔術師,surprise
磁鐵,trust
壯麗,anticipation
壯麗,joy
壯麗,trust
華麗的,anticipation
華麗的,joy
華麗的,surprise
華麗的,trust
郵件,anticipation
支柱,trust
保養,trust
雄偉,anticipation
雄偉,joy
雄偉,surprise
雄偉,trust
威嚴,trust
多數,joy
多數,trust
全身乏力,sadness
瘧疾,disgust
瘧疾,fear
瘧疾,sadness
壞心腸的,anger
壞心腸的,disgust
壞心腸的,fear
壞心腸的,sadness
瀆職,disgust
惡意,anger
惡意,fear
惡毒,anger
惡毒,disgust
惡毒,fear
惡毒,sadness
惡性腫瘤,fear
惡性腫瘤,sadness
惡性,anger
惡性,fear
弊端,anger
管理,trust
訓令,fear
普通話,trust
撕裂,anger
撕裂,disgust
撕裂,fear
撕裂,sadness
表現,fear
操作,anger
操作,fear
誤殺,anger
誤殺,disgust
誤殺,fear
誤殺,sadness
誤殺,surprise
肥料,disgust
餘量,sadness
海洋,trust
婚姻,anticipation
婚姻,joy
婚姻,trust
骨髓,joy
骨髓,trust
結婚,anticipation
結婚,fear
結婚,joy
結婚,surprise
結婚,trust
元帥,trust
武,anger
烈士,fear
烈士,sadness
殉教,fear
殉教,sadness
奇蹟,surprise
奇妙,joy
不平凡,joy
受虐狂,anger
受虐狂,disgust
受虐狂,fear
屠殺,anger
屠殺,disgust
屠殺,fear
屠殺,sadness
按摩,joy
傑作,joy
征服,joy
征服,trust
媒人,anticipation
唯物主義者,disgust
母系,anticipation
數學的,trust
護士長,trust
陵,sadness
格言,trust
無意義的,sadness
麻疹,disgust
麻疹,fear
麻疹,sadness
測量,trust
勳章,anticipation
勳章,joy
勳章,surprise
勳章,trust
插手,anger
調解,anticipation
中間人,anticipation
中間人,trust
醫,anticipation
醫,fear
醫,trust
溫順,sadness
憂鬱,sadness
愁緒,sadness
亂鬥,fear
情景劇,anger
情景劇,sadness
難忘,joy
難忘,surprise
難忘,trust
紀念館,sadness
威脅,anger
威脅,fear
來勢洶洶,anger
來勢洶洶,fear
導師,trust
僱傭兵,fear
商人,trust
無情,fear
合併,anticipation
有功,joy
有功,trust
食堂,disgust
亂,disgust
顯微鏡,trust
助產士,anticipation
助產士,joy
助產士,trust
威武,anger
威武,fear
威武,joy
威武,trust
黴菌,disgust
軍事,fear
民兵,anger
民兵,fear
民兵,sadness
磨,anticipation
模仿,surprise
部,joy
部,trust
奇蹟,anticipation
奇蹟,joy
奇蹟,trust
歡笑,joy
不當行為,anger
不當行為,disgust
不當行為,surprise
誤解,anger
誤解,disgust
誤解,fear
處理不當,disgust
慘,anger
慘,disgust
非常不幸地,sadness
不幸,fear
不幸,sadness
誤導,disgust
不測,disgust
不測,fear
不測,sadness
不測,surprise
誤導,anger
誤導,fear
誤導,trust
錯位,anger
錯位,disgust
誤傳,sadness
歪曲,anger
導彈,fear
失踪,fear
失踪,sadness
誤報,anger
誤報,disgust
錯誤,fear
情婦,anger
情婦,disgust
誤解,sadness
蟎,disgust
呻吟,fear
護城河,trust
暴民,anger
暴民,fear
移動,anticipation
嘲諷,anger
嘲諷,disgust
嘲諷,sadness
謙虛,trust
修改,surprise
性騷擾,anger
性騷擾,disgust
性騷擾,fear
性騷擾,sadness
動量,anticipation
貨幣,anticipation
錢,anger
錢,anticipation
錢,joy
錢,surprise
錢,trust
僧,trust
單色,disgust
一夫一妻制,trust
雨季,sadness
怪物,fear
怪物,anger
怪物,disgust
怪物,surprise
喜怒無常,anger
喜怒無常,sadness
系泊,trust
道德,anger
道德,trust
德,anger
德,anticipation
德,disgust
德,joy
德,surprise
德,trust
病態,sadness
發病率,anger
發病率,disgust
發病率,fear
發病率,sadness
停屍房,disgust
停屍房,fear
停屍房,sadness
早晨,anticipation
明天,anticipation
抵押,fear
抵押權人,trust
抵押人,fear
屈辱,anticipation
屈辱,fear
停屍間,fear
停屍間,sadness
蚊子,anger
蚊子,disgust
母親,anticipation
母親,joy
母親,sadness
母親,trust
運動,anticipation
山,anticipation
悲哀,anger
悲哀,fear
悲哀,sadness
喪,sadness
口,surprise
一口,disgust
糞肥,disgust
粘液,disgust
渾,disgust
笨人,anger
笨人,disgust
杯,anger
杯,fear
杯,sadness
馬騾,anger
馬騾,trust
沉默,fear
謀殺,disgust
謀殺,surprise
兇手,anger
兇手,disgust
兇手,fear
兇手,sadness
殺,anger
殺,disgust
殺,surprise
模糊,disgust
模糊,sadness
音樂,joy
音樂,sadness
音樂,anger
音樂,anticipation
音樂,surprise
音樂,trust
滑膛槍,fear
發霉的,disgust
易變的,anticipation
肢解,disgust
斷肢,anger
斷肢,disgust
斷肢,fear
斷肢,sadness
兵變,anger
兵變,disgust
兵變,fear
兵變,surprise
槍口,fear
近視,anger
近視,sadness
神秘,anticipation
神秘,surprise
捉拿,surprise
無名,disgust
小憩,joy
餐巾,sadness
初期的,anticipation
國家,trust
噁心,disgust
噁心,sadness
通航,anticipation
航海家,anticipation
航海家,trust
必要性,sadness
邪惡,surprise
否定,anger
負,sadness
被忽視的,anger
被忽視的,disgust
被忽視的,sadness
談判,trust
黑人,sadness
鄰居,anticipation
鄰居,trust
鄰里,anticipation
裙帶關係,anger
裙帶關係,disgust
裙帶關係,sadness
緊張,anticipation
緊張,fear
神經緊張,fear
巢,trust
貼近,trust
幽冥,anger
幽冥,fear
幽冥,sadness
蕁麻,anger
蕁麻,disgust
網絡,anticipation
神經痛,fear
神經痛,sadness
神經官能症,fear
神經官能症,sadness
神經質,disgust
神經質,fear
中性,anticipation
中性,trust
中立,trust
新人,fear
新人,surprise
尼古丁,disgust
惡夢,fear
貴族,anticipation
貴族,trust
高貴,trust
嘈雜,anger
無厘頭,sadness
套索,sadness
鼻子,disgust
顯著,joy
顯著,trust
公證,trust
虛無,sadness
通知,anticipation
臭名,anger
臭名,disgust
臭名,fear
毒,disgust
毒,fear
滋擾,anger
廢止,surprise
麻木,sadness
護士,trust
苗圃,joy
苗圃,trust
培育,anger
培育,disgust
培育,fear
培育,joy
有營養,sadness
綠洲,anticipation
綠洲,joy
綠洲,trust
誓言,trust
服從,trust
肥胖,disgust
肥胖,sadness
遵守,fear
遵守,trust
OBI,disgust
OBI,fear
訃告,sadness
訃告,surprise
目的,anticipation
目的,trust
責成,trust
隨和,anger
隨和,anticipation
隨和,disgust
隨和,fear
隨和,joy
隨和,surprise
隨和,trust
債務人,fear
泯,anger
泯,fear
泯,sadness
湮沒,anger
湮沒,fear
塗去,fear
塗去,sadness
遺忘,anger
遺忘,fear
意淫,anger
意淫,disgust
障礙,anger
障礙,fear
障礙,sadness
產科醫生,trust
阻礙,anger
阻礙,fear
隱匿性,disgust
隱匿性,fear
佔有者,trust
章魚,disgust
怪人,disgust
怪人,sadness
怪人,surprise
得罪,anger
得罪,disgust
生氣,anger
生氣,sadness
犯罪分子,anger
犯罪分子,disgust
犯罪分子,fear
犯罪分子,sadness
罪行,anger
罪行,disgust
罪行,fear
罪行,sadness
供,trust
官,trust
官方,trust
抵消,anticipation
嗅覺,anticipation
不祥的,anticipation
不祥的,fear
全能,fear
無所不知,trust
繁重的,anger
繁重的,sadness
不斷的,anticipation
發病,anticipation
沁,disgust
歌劇,anger
歌劇,anticipation
歌劇,fear
歌劇,joy
歌劇,sadness
歌劇,surprise
歌劇,trust
手術,fear
手術,trust
自以為是,anger
鴉片,anger
鴉片,disgust
鴉片,fear
鴉片,sadness
對手,anticipation
對手,disgust
對手,fear
適當的,joy
機會,anticipation
反對,anger
反對,fear
壓迫,anger
壓迫,disgust
壓迫,fear
壓迫,sadness
壓抑,anger
暴君,anger
暴君,fear
暴君,sadness
樂觀,anticipation
樂觀,joy
樂觀,surprise
樂觀,trust
樂天派,trust
神諭,anticipation
神諭,trust
獸人,anger
獸人,disgust
獸人,fear
樂隊,anger
樂隊,joy
樂隊,sadness
樂隊,trust
受戒,trust
考驗,anger
考驗,surprise
統籌,anticipation
統籌,joy
統籌,trust
軍械,fear
器官,anticipation
器官,joy
組織,anticipation
組織,joy
組織,surprise
組織,trust
性高潮,anticipation
性高潮,joy
獨創性,surprise
孤兒,fear
孤兒,sadness
正統,trust
逐出,anger
逐出,sadness
突發,anger
突發,fear
突發,joy
突發,sadness
突發,surprise
棄兒,disgust
棄兒,fear
棄兒,sadness
喊叫,anger
喊叫,fear
優於,anticipation
外屋,disgust
前哨,fear
蠻橫的,surprise
局外人,fear
歡呼,sadness
霸道,anger
過期的,anticipation
過期的,sadness
過期的,surprise
估計過高,surprise
喜出望外,joy
超載,sadness
壓倒性,anger
壓倒性,fear
高估,anger
高估,disgust
高估,sadness
公開,fear
推翻,anticipation
推翻,fear
序曲,anticipation
不堪重負,sadness
虧欠的,anger
虧欠的,anticipation
虧欠的,disgust
虧欠的,fear
虧欠的,sadness
虧欠的,trust
槳,anticipation
疼痛,fear
苦澀,fear
苦澀,sadness
明顯的,surprise
麻痺,disgust
麻痺,fear
麻痺,sadness
流感大流行,fear
流感大流行,sadness
恐慌,fear
降落傘,fear
遊行,anticipation
遊行,fear
遊行,joy
遊行,surprise
模範,anticipation
模範,joy
模範,trust
麻痺,anger
偏執,fear
寄生物,disgust
寄生物,fear
頂葉,trust
教區,trust
議會,trust
言語,anticipation
鸚鵡,disgust
參加,trust
離別,sadness
合夥,trust
乘客,anticipation
情,anticipation
情,joy
情,trust
多情,anticipation
多情,joy
多情,trust
牧師,joy
糕點,joy
可憐,disgust
可憐,sadness
忍耐,anticipation
忍耐,trust
患者,anticipation
重男輕女,trust
巡邏,trust
顧客,trust
贊助,trust
缺乏,anger
缺乏,disgust
缺乏,sadness
窮光蛋,sadness
路面,trust
典當,trust
工資,anticipation
工資,joy
工資,trust
回報,anger
和平,anticipation
和平,joy
和平,trust
平靜的,anticipation
平靜的,joy
平靜的,surprise
平靜的,trust
譜系,trust
刑事,sadness
罰款,anger
罰款,fear
罰款,sadness
苦修,fear
苦修,sadness
滲透,anger
滲透,fear
教養所,anger
感知,trust
或許,surprise
殞命,anger
殞命,disgust
殞命,fear
殞命,sadness
多年生,trust
完善,anticipation
完善,joy
完善,trust
完美,anticipation
完美,surprise
圍,surprise
岌,anticipation
岌,fear
岌,sadness
殆,anticipation
殆,fear
殆,sadness
週期性,trust
淪,fear
淪,sadness
遇難,sadness
滅亡,fear
滅亡,sadness
偽證,fear
偽證,surprise
肇事者,anger
肇事者,disgust
肇事者,fear
肇事者,sadness
如履薄冰,anticipation
如履薄冰,trust
困惑,sadness
迫害,anger
迫害,fear
迫害,disgust
迫害,sadness
個人,trust
汗,disgust
相關,trust
攝,fear
悖,anger
悖,disgust
悖,fear
變態,anger
變態,disgust
變態,sadness
反常,anger
反常,disgust
悲觀主義,anger
悲觀主義,fear
悲觀主義,sadness
悲觀主義者,fear
悲觀主義者,sadness
蟲害,anger
蟲害,disgust
蟲害,fear
瘟疫,disgust
瘟疫,fear
石油,disgust
方陣,fear
方陣,trust
慈善家,trust
哲學家,trust
痰,disgust
假,anger
假,disgust
醫師,trust
物理學家,trust
糾察,anger
糾察,anticipation
糾察,fear
野餐,anticipation
野餐,joy
野餐,surprise
野餐,trust
如畫,joy
豬,disgust
痔,disgust
丸,trust
掠,anger
掠,disgust
掠,fear
飛行員,trust
疙瘩,disgust
松樹,sadness
小齒輪,fear
虔,disgust
虔,sadness
虔,trust
海盜,anger
陷阱,anger
陷阱,disgust
陷阱,fear
陷阱,sadness
陷阱,surprise
髓,trust
樞,trust
標語牌,surprise
抄襲,disgust
鼠疫,disgust
鼠疫,fear
鼠疫,sadness
哀怨,sadness
計劃,anticipation
規劃,anticipation
規劃,trust
調皮,anger
調皮,joy
調皮,surprise
調皮,trust
操場,anticipation
操場,joy
操場,surprise
操場,trust
劇場,joy
懇求,anticipation
懇求,fear
懇求,sadness
愉快,surprise
滿意,joy
愉快的,joy
保證,joy
困境,anticipation
困境,disgust
困境,fear
困境,sadness
鉛墜,fear
豐滿,anticipation
掠奪,disgust
掠奪,fear
掠奪,surprise
跳水,fear
肺炎,fear
偷獵,anger
偷獵,disgust
偷獵,fear
偷獵,sadness
無意義,sadness
毒,anger
毒,sadness
中毒,anger
中毒,disgust
中毒,fear
中毒,sadness
有毒,anger
有毒,disgust
有毒,fear
有毒,sadness
戳,anticipation
極性,surprise
論戰,anger
論戰,disgust
政策,trust
脊髓灰質炎,fear
脊髓灰質炎,sadness
政治,anger
輪詢,trust
一夫多妻制,disgust
自大的,disgust
教皇,trust
流行的,surprise
A片,disgust
色情,disgust
波塞,fear
具有,anticipation
具有,joy
具有,trust
擁有,anger
擁有,disgust
擁有,fear
所有權,anger
所有權,disgust
所有權,fear
死後的,sadness
延期,surprise
磅,anger
貧窮,anger
貧窮,disgust
貧窮,fear
貧窮,sadness
POW,anger
強大,anger
強大,anticipation
強大,disgust
強大,joy
強大,trust
有力,fear
無力,anger
無力,disgust
無力,fear
練,joy
練,surprise
練,trust
實踐,anticipation
讚美,trust
稱讚,joy
可貴,anticipation
可貴,joy
可貴,surprise
可貴,trust
祈禱,anticipation
祈禱,fear
祈禱,joy
祈禱,surprise
祈禱,trust
危險的,anticipation
危險的,fear
危險的,sadness
優先權,trust
珍貴,anticipation
珍貴,joy
珍貴,surprise
排除,anger
先導,anticipation
好發,anticipation
易患,anticipation
優越的,trust
比較喜歡,trust
懷孕,disgust
偏見,anger
偏,disgust
偏,fear
初步,anticipation
過早,surprise
預謀的,fear
製備,anticipation
預備,anticipation
準備,anticipation
準備,trust
優勢,trust
條件,anticipation
有先見之明,anticipation
當下,anticipation
當下,joy
當下,surprise
當下,trust
防腐劑,anticipation
防腐劑,joy
防腐劑,surprise
聲望,joy
聲望,trust
急板,joy
急板,surprise
假定,trust
放肆,anger
放肆,disgust
假裝,anger
漂亮,anticipation
漂亮,joy
漂亮,trust
戰勝,anticipation
戰勝,joy
流行,trust
預防,anticipation
獵物,fear
刺,anger
刺,disgust
刺,fear
刺,surprise
自豪,joy
聖職,anticipation
聖職,joy
聖職,sadness
聖職,trust
底漆,trust
王侯,anticipation
王侯,joy
王侯,surprise
王侯,trust
主要,trust
監獄,anger
囚犯,anger
囚犯,disgust
囚犯,fear
囚犯,sadness
特權,joy
特權,trust
有利害關係的人,trust
緩刑,anticipation
緩刑,fear
緩刑,sadness
廉潔,trust
問題,fear
問題,sadness
程序,fear
遊行,sadness
監考,trust
生產,anticipation
粗俗,anger
專業的,trust
教授,trust
精通,anticipation
精通,joy
精通,surprise
精通,trust
預測,fear
預後,anticipation
進展,anticipation
進展,joy
級數,anticipation
級數,joy
級數,sadness
級數,trust
被禁止,anger
被禁止,disgust
被禁止,fear
拋射物,fear
彈,fear
序幕,anticipation
延長,disgust
諾言,joy
諾言,trust
預言,anticipation
預言家,anticipation
預言家,trust
預言的,anticipation
預防性,anticipation
預防性,trust
起訴,sadness
檢察官,disgust
前瞻性,anticipation
繁榮,anticipation
繁榮,joy
賣淫,disgust
賣淫,sadness
保護者,trust
驕傲,anticipation
驕傲,joy
驕傲,trust
提供,trust
提供,anticipation
提供,joy
條件,trust
挑釁,anger
發人深省,anger
發人深省,disgust
潛行,fear
潛行,surprise
代理,trust
撬,anger
撬,anticipation
撬,trust
精神病,anger
精神病,fear
精神病,sadness
上市,anticipation
嘔吐,disgust
美洲獅,fear
美洲獅,surprise
沖床,anger
沖床,fear
沖床,sadness
沖床,surprise
準時,anticipation
準時,trust
潑辣,disgust
懲治,fear
處罰,anger
處罰,anticipation
處罰,disgust
處罰,fear
處罰,sadness
懲罰,anger
懲罰,fear
懲罰,sadness
懲罰,disgust
懲罰性,anger
懲罰性,fear
懲罰性,sadness
平底船,anticipation
小狗,anticipation
小狗,trust
純粹,trust
煉獄,disgust
煉獄,fear
清除,fear
純化,trust
淨化,joy
淨化,trust
純度,surprise
發出喉音,joy
發出喉音,trust
膿,disgust
嘎嘎,disgust
沼澤,disgust
鵪鶉,fear
精巧,joy
精巧,trust
合格,trust
困惑,anger
隔離,fear
吵架,anger
撤銷,fear
尋求,anticipation
可疑的,disgust
速度,surprise
水銀,surprise
安靜,sadness
顫動,fear
顫抖,fear
引用,anticipation
引用,surprise
烏合之眾,anger
烏合之眾,fear
瘋狂的,anger
瘋狂的,sadness
架,sadness
雷達,trust
輻射,anticipation
輻射,joy
輻射,trust
輻射的,joy
輻射,fear
放射性的,fear
氡,fear
廢物,anticipation
廢物,surprise
碎布,disgust
襲擊,anger
襲擊,fear
襲擊,surprise
軌,anger
軌,anticipation
多雨的,sadness
隨機存取存儲器,anger
隨機存取存儲器,anticipation
亂鬧,anger
亂鬧,fear
餿,disgust
隨機,surprise
遊俠,trust
贖金,anger
贖金,fear
強姦,anger
強姦,disgust
強姦,fear
強姦,sadness
快速,surprise
說唱,anger
全神貫注,joy
全神貫注,surprise
全神貫注,trust
猛龍,fear
歡天喜地,anticipation
歡天喜地,joy
稀有,surprise
壞蛋,anger
壞蛋,disgust
壞蛋,fear
皮疹,disgust
鼠,disgust
鼠,fear
評分,anger
評分,fear
評分,sadness
響尾蛇,fear
狂歡,anger
狂歡,disgust
狂歡,joy
狂歡,surprise
狂歡,trust
餓壞了的,anger
餓壞了的,fear
餓壞了的,sadness
山溝,fear
狂言,anger
狂言,anticipation
狂言,fear
狂言,joy
狂言,surprise
剃刀,fear
應對,anger
應對,fear
準備就緒,anticipation
準備就緒,joy
準備就緒,trust
再現,surprise
放心,trust
再保證,trust
反叛,anger
反叛,fear
暴動,anger
暴動,disgust
暴動,fear
婼,anger
婼,disgust
接收,anticipation
接收,joy
接收,surprise
凹槽,fear
不景氣,anger
不景氣,disgust
不景氣,fear
不景氣,sadness
累犯,anger
累犯,disgust
累犯,sadness
接受者,anticipation
魯莽,anger
魯莽,fear
魯莽,disgust
魯莽,surprise
橫臥,trust
識別,anticipation
重組,anticipation
推薦,trust
和解,anticipation
和解,joy
和解,trust
复議,trust
重建,anticipation
休閒,anticipation
休閒,joy
新兵,trust
復發,anticipation
裁判,trust
反射,surprise
回流,disgust
難民,sadness
拒絕,sadness
駁議,fear
富豪,trust
帆船賽,anticipation
攝政,trust
團,fear
註冊處,trust
後悔,sadness
遺憾,sadness
規律性,anticipation
規律性,trust
監管,fear
關閉不全,disgust
報銷,trust
加強,trust
增援,trust
拒絕,fear
拒絕,disgust
麾,anticipation
麾,joy
麾,surprise
麾,trust
欣喜,anticipation
欣喜,joy
欣喜,surprise
重燃,anticipation
重燃,fear
重燃,joy
重燃,surprise
復發,fear
復發,sadness
有關,trust
相對的,trust
相應,trust
可靠性,trust
可靠,trust
依賴,trust
文物,sadness
宗教,trust
不情願,fear
遺跡,disgust
遺跡,fear
遺跡,trust
歸還,anger
卓越,surprise
補救,anticipation
補救,joy
補救,trust
失職,anger
失職,disgust
失職,sadness
悔恨,sadness
去掉,anger
去掉,fear
去掉,sadness
叛變,anger
修復,anticipation
裝修,anticipation
裝修,joy
賠償,trust
償還,anger
償還,anticipation
償還,joy
償還,trust
驅蚊,anger
驅蚊,disgust
驅蚊,fear
排斥,disgust
悔改,fear
記者,trust
代表,anticipation
抑,sadness
抑制,fear
懲戒,anger
報復,anger
報復,fear
報復,sadness
責備,anger
責備,disgust
責備,sadness
生殖,joy
推斥,disgust
推斥,fear
信譽,trust
安魂曲,sadness
拯救,anticipation
拯救,joy
拯救,surprise
拯救,trust
切除,fear
憤恨,anger
怨恨,disgust
怨恨,sadness
辭職,anger
辭職,disgust
辭職,fear
辭職,sadness
辭職,surprise
抵抗性,anger
耐,fear
抵制,anger
抵制,fear
抵制,sadness
資源,joy
資源,trust
尊重,anticipation
可敬,trust
尊敬的,trust
喘息,joy
喘息,trust
燦爛,joy
主管,trust
響應,anticipation
響應,trust
躁動,anticipation
恢復,anticipation
恢復,joy
恢復,trust
矜持,fear
限制,sadness
限制,anger
限制,fear
保留,trust
報復性,anger
減速,disgust
減速,fear
減速,sadness
沉默的,fear
退休,anticipation
退休,fear
退休,joy
退休,sadness
退休,trust
撤回,anger
裁員,fear
報應,anger
報應,fear
報應,sadness
團圓,anticipation
團圓,trust
陶醉,joy
復仇,anger
復仇,anticipation
復仇,fear
復仇,surprise
尊敬,anticipation
尊敬,joy
尊敬,trust
夢想,joy
夢想,trust
翻轉,anger
翻轉,disgust
翻轉,surprise
復興,anticipation
復興,joy
復興,trust
復活,anticipation
撤消,anger
撤消,disgust
撤消,fear
撤消,sadness
反叛,surprise
令人作嘔,anger
令人作嘔,disgust
令人作嘔,fear
革命,anger
革命,anticipation
革命,fear
革命,sadness
革命,surprise
左輪手槍,anger
左輪手槍,fear
左輪手槍,sadness
獎勵,anticipation
獎勵,joy
獎勵,surprise
獎勵,trust
風濕症,anger
風濕症,fear
風濕症,sadness
有板有眼,joy
有板有眼,surprise
色帶,anger
色帶,anticipation
色帶,joy
謎語,surprise
嘲笑,anger
嘲笑,disgust
嘲笑,sadness
荒謬,anger
荒謬,disgust
步槍,anger
步槍,fear
嚴格,disgust
嚴格,fear
鈴聲,anger
放蕩的,anger
放蕩的,fear
放蕩的,surprise
熟,anticipation
升起,anticipation
升起,joy
風險,anticipation
風險,fear
有風險,anticipation
有風險,fear
跑車,joy
跑車,trust
搶,anger
搶,disgust
搶,fear
搶,sadness
強盜,disgust
強盜,fear
搶劫,anger
搶劫,disgust
搶劫,fear
搶劫,sadness
火箭,anger
竿,fear
竿,trust
洛佩茲,joy
浪漫,anticipation
浪漫,fear
浪漫,joy
浪漫,sadness
浪漫,surprise
浪漫,trust
浪漫主義,joy
歡蹦亂跳,joy
車,anger
車,disgust
根,trust
腐爛,disgust
腐爛,fear
腐爛,sadness
羅塔,trust
輪盤賭,anticipation
常規,trust
行,anger
瓦礫,fear
瓦礫,sadness
廢墟,fear
廢墟,sadness
毀了,anger
毀了,disgust
毀了,fear
毀了,sadness
毀滅性的,anger
毀滅性的,disgust
毀滅性的,fear
毀滅性的,sadness
規則,fear
規則,trust
謠言,sadness
逃跑,sadness
破裂,fear
破裂,sadness
破裂,surprise
無情,anger
無情,disgust
破壞,anger
破壞,disgust
破壞,fear
破壞,sadness
破壞,surprise
犧牲,disgust
犧牲,fear
犧牲,sadness
可悲的是,sadness
悲,trust
安全,joy
安全,trust
保障,trust
下垂,fear
智者,trust
聖,anticipation
聖,joy
聖,surprise
聖,trust
薪水,anticipation
薪水,joy
薪水,trust
唾液,anticipation
出擊,surprise
轎車,anger
有益,joy
有益,trust
禮炮,joy
救恩,anticipation
救恩,joy
救恩,trust
武士,fear
聖化,joy
聖化,trust
聖化,anticipation
聖化,sadness
聖化,surprise
避難所,anticipation
避難所,joy
避難所,trust
樹液,sadness
汁液,trust
諷刺,anger
諷刺,disgust
諷刺,sadness
肉瘤,fear
肉瘤,sadness
撒旦,anger
飽和的,disgust
野蠻人,anger
保存,joy
保存,trust
品嚐,anticipation
品嚐,disgust
品嚐,joy
品嚐,sadness
品嚐,trust
腳手架,fear
解剖刀,fear
醜聞,fear
誹謗性的,anger
替罪羊,anger
替罪羊,fear
瘢痕,anger
瘢痕,disgust
瘢痕,fear
瘢痕,sadness
稀缺,fear
稀缺,sadness
幾乎沒有,sadness
缺乏,fear
嚇,anger
嚇,anticipation
嚇,fear
嚇,surprise
稻草人,fear
懷疑的,trust
分裂,anger
精神分裂症,anger
精神分裂症,disgust
精神分裂症,fear
精神分裂症,sadness
獎學金,joy
學校,trust
科學,trust
科學家,anticipation
科學家,trust
罵,anger
罵,disgust
罵,fear
罵,sadness
痛罵,anger
酷熱,anger
得分了,anticipation
得分了,joy
得分了,surprise
輕蔑,anger
蠍,anger
蠍,disgust
蠍,fear
蠍,surprise
惡棍,anger
惡棍,disgust
惡棍,fear
惡棍,trust
羊瘙癢病,anger
羊瘙癢病,fear
羊瘙癢病,sadness
驚叫,anger
驚叫,disgust
驚叫,fear
驚叫,surprise
尖叫,anger
尖叫,disgust
尖叫,fear
尖叫,surprise
擰,anger
混戰,surprise
聖經,trust
擦洗,disgust
細察,anticipation
浮渣,disgust
密封,trust
密封件,trust
僻,sadness
保密,surprise
保密,trust
秘密,trust
分泌,disgust
宗派,anger
宗派,fear
世俗,anticipation
證券,trust
煽動叛亂,anger
煽動叛亂,sadness
妖媚,anticipation
分離,anger
分離,disgust
分離,sadness
搶占,fear
發作,fear
自私,anger
自私,disgust
參議院,trust
衰老,fear
衰老,sadness
排行,trust
轟動的,joy
無意義,anger
無意義,disgust
無意義,fear
無意義,surprise
聲色,anticipation
聲色,joy
聲色,surprise
聲色,trust
淫蕩,anticipation
淫蕩,joy
感覺上的,joy
句子,anger
句子,anticipation
句子,disgust
句子,fear
句子,sadness
哨兵,trust
分裂,disgust
膿血症,fear
膿血症,sadness
化糞池,disgust
續集,anticipation
封存,sadness
安詳,trust
寧靜,anticipation
寧靜,joy
寧靜,trust
串行,anticipation
系列,trust
嚴肅,fear
嚴肅,sadness
講道,trust
蛇,disgust
蛇,fear
僕人,trust
服務,trust
挫折,sadness
委託人,fear
遣散,sadness
污水,disgust
下水道,disgust
性別,anticipation
性別,joy
性別,trust
破舊,disgust
窩棚,disgust
窩棚,sadness
鐵鍊,anger
鐵鍊,anticipation
鐵鍊,disgust
鐵鍊,fear
鐵鍊,sadness
陰涼,fear
發抖,fear
搖搖欲墜,anger
搖搖欲墜,anticipation
搖搖欲墜,fear
恥辱,fear
可恥,sadness
不要臉,disgust
上海,disgust
上海,fear
刀柄,fear
分享,anticipation
分享,joy
分享,trust
削尖,anger
削尖,anticipation
打碎,anger
打碎,fear
打碎,sadness
打碎,surprise
破滅,sadness
貝殼,anger
貝殼,fear
貝殼,sadness
貝殼,surprise
庇護,trust
牧羊人,trust
郡治安官,trust
閃亮的,anticipation
閃亮的,joy
船,anticipation
沉船,fear
沉船,sadness
拉屎,anger
拉屎,disgust
發抖,anger
發抖,anticipation
發抖,sadness
休克,anger
休克,fear
休克,surprise
令人吃驚,surprise
以次充好,anger
以次充好,disgust
射擊,anger
射擊,fear
射手,fear
店主,trust
行竊,anger
行竊,disgust
購物,anticipation
購物,joy
購物,surprise
購物,trust
短缺,anger
短缺,fear
短缺,sadness
不久,anticipation
射擊,sadness
射擊,surprise
肩,trust
喊,anger
喊,surprise
推,anger
顯示,trust
彈片,fear
尖叫,sadness
尖銳,anger
尖銳,fear
尖銳,surprise
收縮,fear
收縮,sadness
裹屍布,sadness
不寒而栗,fear
順,anger
順,disgust
順,sadness
令人作嘔,sadness
病懨懨,disgust
病懨懨,sadness
簽名,trust
表示,anticipation
愚蠢,joy
煨,anger
煨,anticipation
暗流湧動,anticipation
簡化,anticipation
簡化,joy
簡化,surprise
簡化,trust
真誠,trust
有罪,fear
唱,anticipation
唱,joy
唱,sadness
唱,trust
奇,surprise
險惡,anger
險惡,disgust
險惡,fear
罪人,anger
罪人,disgust
罪人,fear
罪人,sadness
先生,trust
警笛,fear
姐妹,anger
姐妹,sadness
姐妹,surprise
姐妹,trust
嘯,anger
偏斜,anger
偏斜,anticipation
剎車,anger
剎車,fear
剎車,sadness
熟練,trust
前哨戰,anger
猛撞,anger
猛撞,fear
猛撞,surprise
拍擊,anger
拍擊,surprise
削減,anger
屠宰,anger
屠宰,disgust
屠宰,fear
屠宰,sadness
屠宰,surprise
屠宰場,anger
屠宰場,disgust
屠宰場,fear
屠宰場,sadness
奴隸,anger
奴隸,fear
奴隸,sadness
奴隸制度,anger
奴隸制度,disgust
奴隸制度,fear
奴隸制度,sadness
殺手,disgust
殺手,sadness
殺手,surprise
泥濘的,disgust
滑,surprise
稀鬆,disgust
懶惰,disgust
污泥,disgust
金屬塊,disgust
遲緩,sadness
貧民窟,disgust
暴跌,sadness
誹謗,sadness
爛泥,disgust
爛泥,surprise
懶婦,anger
懶婦,disgust
狡猾,anger
狡猾,disgust
狡猾,fear
粉碎,anger
粉碎,fear
聞,anger
聞,disgust
撾,anger
撾,fear
撾,sadness
工匠,trust
扼殺,anger
走私,fear
走私者,anger
走私者,disgust
走私者,fear
黑穗病,disgust
黑穗病,fear
釘子,surprise
圈套,fear
搞亂,anger
搞亂,disgust
狺,anger
潛行,anger
鬼鬼祟祟,anticipation
鬼鬼祟祟,fear
鬼鬼祟祟,trust
冷笑,anger
冷笑,disgust
噴嚏,disgust
噴嚏,surprise
哼,sadness
清醒,trust
社會主義,disgust
社會主義,fear
社會主義的,anger
社會主義的,disgust
社會主義的,fear
社會主義的,sadness
泥,disgust
士兵,anger
士兵,sadness
團結,trust
堅固,trust
體,surprise
聲納,anticipation
十四行詩,joy
十四行詩,sadness
洪亮,joy
煤煙,disgust
撫慰的,joy
撫慰的,trust
巫術,anticipation
巫術,fear
巫術,surprise
污穢,anger
污穢,fear
污穢,sadness
瘡,anger
瘡,sadness
非常,sadness
疼痛,disgust
悲傷,sadness
沒有靈魂,disgust
沒有靈魂,fear
沒有靈魂,sadness
心心相印,fear
穩健,anticipation
穩健,joy
穩健,trust
酸,disgust
君主,trust
溫泉,anticipation
溫泉,joy
溫泉,surprise
溫泉,trust
獚,joy
獚,trust
一巴掌,anger
一巴掌,fear
一巴掌,sadness
火花,anticipation
火花,joy
火花,surprise
痙攣,fear
矛,anger
矛,anticipation
矛,fear
特別,joy
斑點,disgust
壯觀,anticipation
壯觀,surprise
幽靈,fear
幽靈,sadness
推測,fear
推測,sadness
投機,anticipation
蜘蛛,disgust
蜘蛛,fear
穗,fear
脊柱,anger
獨身主義者,fear
獨身主義者,sadness
酒,anticipation
酒,surprise
吐,disgust
儘管,anger
刻毒,anger
濺,surprise
燦爛,surprise
輝,anticipation
輝,joy
輝,surprise
分裂,sadness
溺愛,disgust
擾流板,sadness
發言人,trust
間諜,fear
一塵不染,trust
扭傷,sadness
精靈,fear
骨刺,fear
偽,disgust
颮,fear
颮,sadness
過於拘謹的,disgust
過於拘謹的,fear
嘩啦嘩啦地,anger
嘩啦嘩啦地,disgust
蠕動,disgust
刺,sadness
穩定,trust
錯開,surprise
滯,sadness
弄髒,disgust
僵持,anger
僵持,disgust
莖,fear
攤子,disgust
耐力,trust
對峙,anger
對峙,fear
停頓,anger
星,anticipation
星,joy
星,trust
與之形成鮮明,trust
星光燦爛,anticipation
星光燦爛,joy
驚嚇,fear
驚嚇,surprise
觸目驚心,surprise
飢餓,fear
飢餓,sadness
聲明,trust
統計,trust
堅定,trust
穩定,surprise
偷,anger
偷,fear
偷,sadness
偷竊行為,disgust
偷竊行為,fear
隱形,surprise
偷偷地,surprise
鬼鬼祟祟,surprise
無菌,sadness
英鎊,anger
英鎊,anticipation
英鎊,joy
英鎊,trust
管家,trust
黏,disgust
堵,anger
堵,fear
堵,sadness
柱頭,anger
柱頭,disgust
柱頭,fear
柱頭,sadness
胎死腹中,sadness
寂靜,fear
寂靜,sadness
小氣,anger
小氣,disgust
小氣,fear
小氣,sadness
臭,disgust
被盜,anger
胃,disgust
石,anger
凳子,disgust
商店,anticipation
風暴,anger
暴風雨,fear
直截了當,trust
緊張,anger
海峽,fear
陌生人,fear
扼殺,disgust
扼殺,fear
扼殺,sadness
扼殺,surprise
戰略家,anticipation
戰略家,trust
強度,trust
強化,joy
強化,trust
擔架,fear
擔架,sadness
災區,sadness
罷工,anger
跳閘,sadness
剝離,anger
剝離,anticipation
剝離,disgust
剝離,fear
剝離,sadness
行程,fear
行程,sadness
結構,trust
結構體,trust
鬥爭,sadness
目瞪口呆,fear
目瞪口呆,surprise
針眼,disgust
受,sadness
征服,disgust
征服,sadness
昇華,joy
提交,anticipation
下屬,fear
訂閱,anticipation
下沉,sadness
補貼,anger
補貼,disgust
顛覆,anger
顛覆,fear
顛覆,surprise
顛覆,disgust
顛覆,sadness
成功,anticipation
成功,joy
成功,surprise
成功,trust
下一,anticipation
下一,joy
下一,trust
吸盤,anger
突然,surprise
患者,fear
患者,sadness
令人窒息,disgust
令人窒息,fear
令人窒息,sadness
窒息,anger
窒息,fear
自殺,anger
自殺,disgust
自殺,fear
自殺,sadness
憂鬱,anger
蘇丹,fear
油底殼,disgust
太陽,anticipation
太陽,joy
太陽,surprise
太陽,trust
晷,anticipation
晷,trust
沉沒,disgust
沉沒,fear
沉沒,sadness
晴朗,anticipation
晴朗,joy
晴朗,surprise
日落,anticipation
陽光,joy
超人,joy
超人,trust
超級明星,joy
超級明星,trust
迷信,fear
迷信的,anticipation
迷信的,fear
禱,trust
支持者,joy
支持者,trust
支持,trust
壓制,anger
壓制,fear
壓制,sadness
霸權,anger
霸權,anticipation
霸權,fear
霸權,joy
霸權,surprise
霸權,trust
附加費,anger
浪湧,surprise
手術,sadness
陰沉的,anger
陰沉的,disgust
驚,fear
驚,joy
驚,surprise
詫異,surprise
奇怪,surprise
出奇,anticipation
出奇,surprise
投降,fear
投降,sadness
代孕,trust
環繞,anticipation
監控,fear
疑似,fear
懸念,anticipation
懸念,fear
懸念,surprise
懸掛,fear
可疑,anger
可疑,anticipation
沼澤,fear
沼澤的,disgust
沼澤的,fear
一群,disgust
卍,anger
卍,fear
發誓,trust
甜,anticipation
甜,joy
甜,surprise
甜,trust
愛人,anticipation
愛人,joy
愛人,sadness
愛人,trust
甜食,anticipation
甜食,joy
腫脹,fear
轉彎,fear
轉彎,surprise
痛飲,disgust
游泳,anticipation
游泳,fear
游泳,joy
對稱,joy
對稱,trust
有同情心,fear
有同情心,joy
有同情心,sadness
有同情心,trust
同情,sadness
交響樂,anticipation
交響樂,joy
同步,anticipation
同步,joy
同步,surprise
同步,trust
昏厥,fear
昏厥,sadness
昏厥,surprise
協同,trust
代名詞,fear
代名詞,trust
注射器,fear
系統,trust
忌諱,disgust
忌諱,fear
製表,anticipation
滑車,anger
滑車,surprise
策略,fear
策略,trust
污點,sadness
串聯,trust
誘人,anticipation
誘人,joy
誘人,surprise
無異,trust
關稅,anger
關稅,disgust
玷污,disgust
玷污,sadness
無味,disgust
教,trust
嘲諷,fear
黃褐色,disgust
稅,sadness
教,joy
教,surprise
老師,trust
球隊,trust
內牛滿面,disgust
內牛滿面,fear
內牛滿面,sadness
逗,anger
逗,anticipation
逗,sadness
戲弄,anger
戲弄,fear
豐富的,disgust
適度的,trust
暴風雨,anger
暴風雨,anticipation
暴風雨,sadness
暴風雨,surprise
投標,joy
投標,trust
壓痛,joy
張力,anger
終奌站,fear
終奌站,sadness
終止,sadness
白蟻,disgust
了不起,sadness
恐怖主義,anger
恐怖主義,disgust
恐怖主義,fear
恐怖主義,sadness
恐怖分子,anger
恐怖分子,disgust
恐怖分子,fear
恐怖分子,sadness
恐怖分子,surprise
威懾,anger
威懾,fear
威懾,sadness
遺囑,anticipation
遺囑,trust
見證,trust
破傷風,disgust
感恩,joy
盜竊,anger
盜竊,disgust
盜竊,fear
盜竊,sadness
有神論,disgust
政教合一,anger
政教合一,fear
政教合一,sadness
政教合一,trust
神學,trust
神學,anticipation
定理,trust
理論,anticipation
理論,trust
治療,joy
治療,trust
熱電偶,anticipation
溫度計,trust
賊,anger
賊,disgust
賊,fear
賊,sadness
賊,surprise
口渴,anticipation
口渴,sadness
口渴,surprise
第十三,fear
多刺的,fear
思想,anticipation
粗心,anger
粗心,disgust
威脅,anticipation
危險的,anger
危險的,disgust
脫粒,anger
脫粒,fear
脫粒,sadness
節約,disgust
節約,trust
顫抖,anticipation
顫抖,joy
顫抖,surprise
驚險,anticipation
驚險,joy
驚險,surprise
熙,anticipation
熙,joy
搏動,fear
搏動,sadness
王座,trust
風門,anger
暴徒,anger
暴徒,disgust
暴徒,fear
撲通,anger
怦,fear
雷鳴的,anger
雷鳴的,fear
阻撓,surprise
癢癢,anticipation
癢癢,joy
癢癢,surprise
癢癢,trust
鬥嘴,anger
時間,anticipation
膽小,sadness
膽怯,anticipation
膽怯,fear
箔,joy
長篇大論,anger
長篇大論,disgust
標題,trust
蟾蜍,disgust
烤麵包,joy
容忍,anger
容忍,sadness
墓,sadness
牙疼,fear
最佳,anticipation
最佳,trust
傾覆,surprise
折磨,anger
龍捲風,fear
魚雷,anger
激流,fear
侵權,anger
侵權,disgust
拷打,anger
拷打,anticipation
拷打,disgust
拷打,fear
拷打,sadness
易怒的,anger
易怒的,sadness
強硬,sadness
韌性,anger
韌性,fear
韌性,trust
參天,anticipation
參天,fear
有毒的,disgust
毒素,fear
跟踪,anticipation
管道,fear
貿易,trust
悲劇,fear
悲劇,sadness
訓練者,trust
叛徒,anger
叛徒,disgust
叛徒,fear
叛徒,sadness
流浪漢,disgust
流浪漢,fear
超越,anticipation
超越,joy
超越,surprise
超越,trust
抄本,trust
過渡,anticipation
翻譯,trust
垃圾,sadness
沒用,disgust
創傷,anger
創傷,fear
創傷,sadness
滑稽戲,disgust
滑稽戲,fear
滑稽戲,sadness
奸詐,anger
奸詐,disgust
奸詐,fear
背信棄義,anger
背信棄義,fear
背信棄義,sadness
背信棄義,surprise
跑步機,anticipation
叛逆,anger
叛逆,disgust
叛逆,fear
叛逆,surprise
寶藏,anticipation
寶藏,joy
寶藏,trust
對待,anger
對待,anticipation
對待,disgust
對待,fear
對待,joy
對待,sadness
對待,surprise
對待,trust
樹,anger
樹,anticipation
樹,disgust
樹,joy
樹,surprise
樹,trust
震,anger
震,anticipation
震,fear
震,sadness
不安,anticipation
不安,fear
不安,surprise
部落,trust
法庭,disgust
法庭,trust
論壇,trust
支流,anticipation
招,surprise
詭計,anger
詭計,disgust
詭計,sadness
旅,surprise
跳閘,anger
勝利,anticipation
勝利,joy
凱,anticipation
凱,joy
凱,trust
拖釣,anger
拖釣,fear
杯,anticipation
杯,joy
杯,surprise
杯,trust
麻煩,anger
麻煩,fear
休戰,joy
休戰,trust
卡車,trust
王牌,surprise
桁架,trust
受託人,trust
真相,trust
真實性,trust
瘤,fear
瘤,sadness
騷動,fear
騷動,surprise
洶,anger
洶,fear
動亂,anger
動亂,fear
洶湧,fear
動盪,anger
動盪,fear
動盪,sadness
眨眼,anticipation
眨眼,joy
颱風,fear
強橫,anger
強橫,disgust
強橫,fear
暴政,fear
暴政,sadness
暴君,disgust
醜陋,disgust
醜陋,fear
醜陋,sadness
潰瘍,fear
潰瘍,sadness
最終,sadness
最後通牒,anger
最後通牒,fear
無法,sadness
不可接受,sadness
莫名其妙,anticipation
莫名其妙,disgust
莫名其妙,sadness
莫名其妙,trust
未確認,sadness
意外,surprise
高不可攀,anger
高不可攀,sadness
沒有吸引力,disgust
沒有吸引力,sadness
不堪忍受,disgust
不堪忍受,sadness
不敗,anticipation
不敗,joy
不敗,sadness
不敗,surprise
恣意,anger
恣意,anticipation
恣意,fear
恣意,surprise
綿綿,trust
神秘的,fear
神秘的,surprise
冷漠,anger
冷漠,disgust
冷漠,sadness
不確定,anger
不確定,disgust
不確定,fear
不確定,surprise
過度的,disgust
不受約束,joy
不可控,anger
不可控,anticipation
不可控,surprise
揭露,surprise
未定,anticipation
未定,fear
低估,surprise
少繳,anger
少繳,sadness
理解,trust
殯儀館,sadness
承諾,anticipation
包銷,trust
不可取,anger
不可取,disgust
不可取,fear
不可取,sadness
不需要,sadness
未公開,anticipation
未被發現,surprise
無疑的,anticipation
無疑的,disgust
不朽,joy
不朽,sadness
不朽,trust
局促,anticipation
局促,sadness
不安,disgust
沒有受過教育,sadness
失業的,fear
失業的,sadness
不等,anger
不等,disgust
不等,fear
不等,sadness
明確的,trust
意外,anticipation
意外,fear
意外,joy
不料,surprise
原因不明,anticipation
原因不明,sadness
不公平,anger
不公平,disgust
不公平,sadness
不利,disgust
不利,sadness
展開,anticipation
無情,sadness
不幸的,sadness
不友好,anger
不友好,disgust
不友好,fear
不友好,sadness
未了,anger
未了,anticipation
未了,sadness
未了,surprise
惡人,sadness
忘恩負義,anger
忘恩負義,disgust
無人防守的,surprise
不快樂,anger
不快樂,disgust
不快樂,sadness
不良,disgust
不良,fear
不良,sadness
統一,anticipation
統一,joy
統一,trust
不可思議,surprise
不重要,sadness
平庸,sadness
無意,surprise
無意中,surprise
無心戀戰,sadness
枯燥,sadness
不速之,sadness
獨特,surprise
聯合的,trust
大學,anticipation
不公,anger
無理,anger
無理,disgust
無理,fear
刻薄,anger
刻薄,disgust
刻薄,fear
刻薄,sadness
未知,anticipation
未知,fear
不幸的,anger
不幸的,disgust
不幸的,fear
不可收拾,disgust
不自然,disgust
不自然,fear
未付,anger
未付,sadness
不愉快,sadness
不得人心,disgust
不得人心,sadness
史無前例,surprise
不可預料的,surprise
未公佈,anticipation
未公佈,sadness
不容置疑,trust
毫無疑問,trust
靠不住,trust
不求回報,sadness
未解決,anticipation
不羈,anger
不羈,disgust
不羈,fear
不滿意,disgust
不滿意,sadness
拉下馬,sadness
憧,anger
憧,disgust
憧,fear
難看,disgust
無法形容,fear
不穩定,surprise
不成功,sadness
卓絕,anticipation
卓絕,fear
卓絕,joy
卓絕,trust
信任的,surprise
絕情,anger
不可思議的,anger
不可思議的,disgust
不可思議的,fear
襶,disgust
解開,joy
無標題,sadness
數不清,anticipation
不良,anger
靠不住,anger
未經證實,anticipation
沒洗過,disgust
毫不動搖,trust
不受歡迎,sadness
不適,sadness
不值得,disgust
上坡,anticipation
上坡,fear
抬起,anticipation
抬起,joy
抬起,trust
直立,trust
起義,anticipation
起義,fear
煩亂,anger
煩亂,sadness
緊急,anticipation
甕,sadness
招待員,trust
通常,trust
篡,anger
篡奪,anger
篡奪,fear
烏托邦,anticipation
烏托邦,joy
烏托邦,trust
假期,anticipation
假期,joy
空虛的,disgust
徒勞的,disgust
徒勞的,sadness
合法性,fear
吸血鬼,anger
吸血鬼,disgust
吸血鬼,fear
消失,surprise
消失,sadness
變量,surprise
水痘,disgust
水痘,fear
水痘,sadness
小牛肉,sadness
小牛肉,trust
德維爾,fear
德維爾,surprise
營養,disgust
營養,sadness
慷慨,anger
慷慨,fear
仇殺,anger
仇殺,fear
仇殺,sadness
可敬,anticipation
可敬,joy
毒液,anger
毒液,disgust
毒液,fear
發洩,anger
準確性,anticipation
準確性,joy
準確性,surprise
準確性,trust
判決書,fear
邊緣,anticipation
邊緣,fear
驗證,trust
忠實地,trust
害蟲,anger
害蟲,disgust
害蟲,fear
青春的,joy
與,anger
眩暈,fear
水泡,disgust
老將,trust
否決,anger
受害,anger
受害,disgust
受害,fear
受害,sadness
受害,surprise
勝利者,joy
獲勝,joy
勝利,trust
守夜,anticipation
警覺,trust
警惕,fear
警惕,trust
蓬勃,trust
村民,trust
流氓,fear
表白,anger
表白,anticipation
表白,joy
表白,trust
鬥氣,anger
鬥氣,disgust
違反,anger
違反,fear
違反,sadness
違反,surprise
暴力,anger
暴力,fear
暴力,sadness
暴力,disgust
暴力,surprise
猛烈,anger
猛烈,disgust
猛烈,fear
猛烈,sadness
毒蛇,fear
處女,trust
童貞,anticipation
美德,trust
賢,joy
賢,trust
毒力,anger
毒力,fear
視力,anticipation
空想家,anticipation
空想家,joy
空想家,trust
遊客,anticipation
遊客,joy
帽舌,anticipation
帽舌,surprise
活力,joy
活力,trust
活潑,joy
生動,joy
揮發性,anger
揮發性,anticipation
揮發性,fear
揮發性,surprise
火山,fear
火山,surprise
志願者,anticipation
志願者,fear
志願者,joy
志願者,trust
投票,anger
投票,anticipation
投票,joy
投票,sadness
投票,surprise
投票,trust
許願,trust
擔保,trust
憑證,trust
發誓,anticipation
發誓,joy
航程,anticipation
庸俗,disgust
俗氣,anger
俗氣,disgust
俗氣,sadness
漏洞,fear
漏洞,sadness
禿鷲,disgust
禿鷲,fear
胡扯,anger
胡扯,sadness
哀號,fear
哀號,sadness
泥坑,disgust
泥坑,sadness
沒落,sadness
希望,sadness
戰爭,fear
看守,anger
看守,fear
看守,trust
器具,fear
戰,anger
戰,fear
戰,sadness
好戰,anger
好戰,fear
術士,fear
警告,surprise
警告,trust
經,anger
經,sadness
戰士,anger
戰士,fear
疣,disgust
浪費,disgust
浪費,anger
浪費,sadness
浪費,fear
看,anticipation
看,fear
看家狗,trust
注意的,trust
看守者,trust
動搖,fear
弱,fear
弱,sadness
財富,joy
財富,trust
穿,trust
厭倦,sadness
雜草,sadness
哭泣,sadness
泣,sadness
稱重,anticipation
稱重,trust
重量,anticipation
重量,disgust
重量,fear
重量,joy
重量,sadness
重量,surprise
重量,trust
重,fear
歡迎,joy
丫頭,anger
丫頭,disgust
怪念頭,anticipation
怪念頭,joy
怪念頭,surprise
嗚咽,fear
嗚咽,sadness
怪誕的,joy
抱怨,disgust
鞭子,anger
渦流,fear
旋風,fear
白度,joy
健康,trust
寡婦,sadness
鰥夫,sadness
野生,surprise
荒野,anticipation
荒野,fear
荒野,sadness
磷火,fear
磷火,sadness
磷火,surprise
恣意,sadness
窩囊廢,disgust
窩囊廢,fear
懦弱,anger
懦弱,disgust
懦弱,fear
懦弱,sadness
WINCE,anger
WINCE,disgust
WINCE,fear
WINCE,sadness
優勝者,anticipation
優勝者,joy
優勝者,surprise
勝利,disgust
勝利,sadness
勝利,surprise
無線,anger
無線,anticipation
無線,surprise
智慧,trust
如意,anticipation
巫婆,anger
巫婆,disgust
巫婆,fear
巫術,anger
巫術,sadness
收回,sadness
枯萎,sadness
乾枯,disgust
經受,anticipation
經受,fear
機智,joy
巫師,anticipation
巫師,surprise
榮辱與共,disgust
榮辱與共,fear
榮辱與共,sadness
悲傷的,sadness
精彩,joy
精彩,surprise
精彩,trust
奇妙,surprise
痛擊,anger
字,trust
話,anger
蟲,anticipation
蟲,surprise
磨損的,sadness
擔心,sadness
擔心,anticipation
令人擔憂,anticipation
令人擔憂,fear
令人擔憂,sadness
更差,fear
更差,sadness
崇拜,fear
無用,anger
無用,disgust
WOT,trust
傷口,anger
傷口,fear
傷口,sadness
扯皮,anger
扯皮,disgust
扯皮,fear
扯皮,sadness
失事,anger
失事,fear
失事,sadness
不幸的人,anger
不幸的人,disgust
不幸的人,sadness
皺,sadness
壞事,anger
壞事,disgust
壞事,sadness
錯,anger
錯,fear
錯,sadness
排外主義,fear
懷念,anticipation
懷念,joy
懷念,trust
叫喊,anger
叫喊,fear
叫喊,surprise
青年,anger
青年,anticipation
青年,fear
青年,joy
青年,surprise
滑稽的,surprise
熱情,trust
